year,state,pres_elect
1976,Alabama,DEMOCRAT (55.73%)
1977,Alabama,DEMOCRAT (55.73%)
1978,Alabama,DEMOCRAT (55.73%)
1979,Alabama,DEMOCRAT (55.73%)
1980,Alabama,REPUBLICAN (48.75%)
1981,Alabama,REPUBLICAN (48.75%)
1982,Alabama,REPUBLICAN (48.75%)
1983,Alabama,REPUBLICAN (48.75%)
1984,Alabama,REPUBLICAN (60.54%)
1985,Alabama,REPUBLICAN (60.54%)
1986,Alabama,REPUBLICAN (60.54%)
1987,Alabama,REPUBLICAN (60.54%)
1988,Alabama,REPUBLICAN (59.17%)
1989,Alabama,REPUBLICAN (59.17%)
1990,Alabama,REPUBLICAN (59.17%)
1991,Alabama,REPUBLICAN (59.17%)
1992,Alabama,REPUBLICAN (47.65%)
1993,Alabama,REPUBLICAN (47.65%)
1994,Alabama,REPUBLICAN (47.65%)
1995,Alabama,REPUBLICAN (47.65%)
1996,Alabama,REPUBLICAN (50.12%)
1997,Alabama,REPUBLICAN (50.12%)
1998,Alabama,REPUBLICAN (50.12%)
1999,Alabama,REPUBLICAN (50.12%)
2000,Alabama,REPUBLICAN (56.48%)
2001,Alabama,REPUBLICAN (56.48%)
2002,Alabama,REPUBLICAN (56.48%)
2003,Alabama,REPUBLICAN (56.48%)
2004,Alabama,REPUBLICAN (62.46%)
2005,Alabama,REPUBLICAN (62.46%)
2006,Alabama,REPUBLICAN (62.46%)
2007,Alabama,REPUBLICAN (62.46%)
2008,Alabama,REPUBLICAN (60.32%)
2009,Alabama,REPUBLICAN (60.32%)
2010,Alabama,REPUBLICAN (60.32%)
2011,Alabama,REPUBLICAN (60.32%)
2012,Alabama,REPUBLICAN (60.55%)
2013,Alabama,REPUBLICAN (60.55%)
2014,Alabama,REPUBLICAN (60.55%)
2015,Alabama,REPUBLICAN (60.55%)
2016,Alabama,REPUBLICAN (62.08%)
2017,Alabama,REPUBLICAN (62.08%)
2018,Alabama,REPUBLICAN (62.08%)
2019,Alabama,REPUBLICAN (62.08%)
2020,Alabama,REPUBLICAN (62.03%)
1976,Alaska,REPUBLICAN (57.9%)
1977,Alaska,REPUBLICAN (57.9%)
1978,Alaska,REPUBLICAN (57.9%)
1979,Alaska,REPUBLICAN (57.9%)
1980,Alaska,REPUBLICAN (54.35%)
1981,Alaska,REPUBLICAN (54.35%)
1982,Alaska,REPUBLICAN (54.35%)
1983,Alaska,REPUBLICAN (54.35%)
1984,Alaska,REPUBLICAN (66.65%)
1985,Alaska,REPUBLICAN (66.65%)
1986,Alaska,REPUBLICAN (66.65%)
1987,Alaska,REPUBLICAN (66.65%)
1988,Alaska,REPUBLICAN (59.59%)
1989,Alaska,REPUBLICAN (59.59%)
1990,Alaska,REPUBLICAN (59.59%)
1991,Alaska,REPUBLICAN (59.59%)
1992,Alaska,REPUBLICAN (39.46%)
1993,Alaska,REPUBLICAN (39.46%)
1994,Alaska,REPUBLICAN (39.46%)
1995,Alaska,REPUBLICAN (39.46%)
1996,Alaska,REPUBLICAN (50.8%)
1997,Alaska,REPUBLICAN (50.8%)
1998,Alaska,REPUBLICAN (50.8%)
1999,Alaska,REPUBLICAN (50.8%)
2000,Alaska,REPUBLICAN (58.62%)
2001,Alaska,REPUBLICAN (58.62%)
2002,Alaska,REPUBLICAN (58.62%)
2003,Alaska,REPUBLICAN (58.62%)
2004,Alaska,REPUBLICAN (61.07%)
2005,Alaska,REPUBLICAN (61.07%)
2006,Alaska,REPUBLICAN (61.07%)
2007,Alaska,REPUBLICAN (61.07%)
2008,Alaska,REPUBLICAN (59.42%)
2009,Alaska,REPUBLICAN (59.42%)
2010,Alaska,REPUBLICAN (59.42%)
2011,Alaska,REPUBLICAN (59.42%)
2012,Alaska,REPUBLICAN (54.8%)
2013,Alaska,REPUBLICAN (54.8%)
2014,Alaska,REPUBLICAN (54.8%)
2015,Alaska,REPUBLICAN (54.8%)
2016,Alaska,REPUBLICAN (51.28%)
2017,Alaska,REPUBLICAN (51.28%)
2018,Alaska,REPUBLICAN (51.28%)
2019,Alaska,REPUBLICAN (51.28%)
2020,Alaska,REPUBLICAN (52.83%)
1976,Arizona,REPUBLICAN (56.37%)
1977,Arizona,REPUBLICAN (56.37%)
1978,Arizona,REPUBLICAN (56.37%)
1979,Arizona,REPUBLICAN (56.37%)
1980,Arizona,REPUBLICAN (60.61%)
1981,Arizona,REPUBLICAN (60.61%)
1982,Arizona,REPUBLICAN (60.61%)
1983,Arizona,REPUBLICAN (60.61%)
1984,Arizona,REPUBLICAN (66.42%)
1985,Arizona,REPUBLICAN (66.42%)
1986,Arizona,REPUBLICAN (66.42%)
1987,Arizona,REPUBLICAN (66.42%)
1988,Arizona,REPUBLICAN (59.95%)
1989,Arizona,REPUBLICAN (59.95%)
1990,Arizona,REPUBLICAN (59.95%)
1991,Arizona,REPUBLICAN (59.95%)
1992,Arizona,REPUBLICAN (38.47%)
1993,Arizona,REPUBLICAN (38.47%)
1994,Arizona,REPUBLICAN (38.47%)
1995,Arizona,REPUBLICAN (38.47%)
1996,Arizona,DEMOCRAT (46.52%)
1997,Arizona,DEMOCRAT (46.52%)
1998,Arizona,DEMOCRAT (46.52%)
1999,Arizona,DEMOCRAT (46.52%)
2000,Arizona,REPUBLICAN (51.02%)
2001,Arizona,REPUBLICAN (51.02%)
2002,Arizona,REPUBLICAN (51.02%)
2003,Arizona,REPUBLICAN (51.02%)
2004,Arizona,REPUBLICAN (54.87%)
2005,Arizona,REPUBLICAN (54.87%)
2006,Arizona,REPUBLICAN (54.87%)
2007,Arizona,REPUBLICAN (54.87%)
2008,Arizona,REPUBLICAN (53.64%)
2009,Arizona,REPUBLICAN (53.64%)
2010,Arizona,REPUBLICAN (53.64%)
2011,Arizona,REPUBLICAN (53.64%)
2012,Arizona,REPUBLICAN (53.65%)
2013,Arizona,REPUBLICAN (53.65%)
2014,Arizona,REPUBLICAN (53.65%)
2015,Arizona,REPUBLICAN (53.65%)
2016,Arizona,REPUBLICAN (48.67%)
2017,Arizona,REPUBLICAN (48.67%)
2018,Arizona,REPUBLICAN (48.67%)
2019,Arizona,REPUBLICAN (48.67%)
2020,Arizona,DEMOCRAT (49.36%)
1976,Arkansas,DEMOCRAT (64.96%)
1977,Arkansas,DEMOCRAT (64.96%)
1978,Arkansas,DEMOCRAT (64.96%)
1979,Arkansas,DEMOCRAT (64.96%)
1980,Arkansas,REPUBLICAN (48.13%)
1981,Arkansas,REPUBLICAN (48.13%)
1982,Arkansas,REPUBLICAN (48.13%)
1983,Arkansas,REPUBLICAN (48.13%)
1984,Arkansas,REPUBLICAN (60.47%)
1985,Arkansas,REPUBLICAN (60.47%)
1986,Arkansas,REPUBLICAN (60.47%)
1987,Arkansas,REPUBLICAN (60.47%)
1988,Arkansas,REPUBLICAN (56.37%)
1989,Arkansas,REPUBLICAN (56.37%)
1990,Arkansas,REPUBLICAN (56.37%)
1991,Arkansas,REPUBLICAN (56.37%)
1992,Arkansas,DEMOCRAT (53.21%)
1993,Arkansas,DEMOCRAT (53.21%)
1994,Arkansas,DEMOCRAT (53.21%)
1995,Arkansas,DEMOCRAT (53.21%)
1996,Arkansas,DEMOCRAT (53.74%)
1997,Arkansas,DEMOCRAT (53.74%)
1998,Arkansas,DEMOCRAT (53.74%)
1999,Arkansas,DEMOCRAT (53.74%)
2000,Arkansas,REPUBLICAN (51.31%)
2001,Arkansas,REPUBLICAN (51.31%)
2002,Arkansas,REPUBLICAN (51.31%)
2003,Arkansas,REPUBLICAN (51.31%)
2004,Arkansas,REPUBLICAN (54.31%)
2005,Arkansas,REPUBLICAN (54.31%)
2006,Arkansas,REPUBLICAN (54.31%)
2007,Arkansas,REPUBLICAN (54.31%)
2008,Arkansas,REPUBLICAN (58.72%)
2009,Arkansas,REPUBLICAN (58.72%)
2010,Arkansas,REPUBLICAN (58.72%)
2011,Arkansas,REPUBLICAN (58.72%)
2012,Arkansas,REPUBLICAN (60.57%)
2013,Arkansas,REPUBLICAN (60.57%)
2014,Arkansas,REPUBLICAN (60.57%)
2015,Arkansas,REPUBLICAN (60.57%)
2016,Arkansas,REPUBLICAN (60.57%)
2017,Arkansas,REPUBLICAN (60.57%)
2018,Arkansas,REPUBLICAN (60.57%)
2019,Arkansas,REPUBLICAN (60.57%)
2020,Arkansas,REPUBLICAN (62.4%)
1976,California,REPUBLICAN (49.75%)
1977,California,REPUBLICAN (49.75%)
1978,California,REPUBLICAN (49.75%)
1979,California,REPUBLICAN (49.75%)
1980,California,REPUBLICAN (52.7%)
1981,California,REPUBLICAN (52.7%)
1982,California,REPUBLICAN (52.7%)
1983,California,REPUBLICAN (52.7%)
1984,California,REPUBLICAN (57.52%)
1985,California,REPUBLICAN (57.52%)
1986,California,REPUBLICAN (57.52%)
1987,California,REPUBLICAN (57.52%)
1988,California,REPUBLICAN (51.13%)
1989,California,REPUBLICAN (51.13%)
1990,California,REPUBLICAN (51.13%)
1991,California,REPUBLICAN (51.13%)
1992,California,DEMOCRAT (46.01%)
1993,California,DEMOCRAT (46.01%)
1994,California,DEMOCRAT (46.01%)
1995,California,DEMOCRAT (46.01%)
1996,California,DEMOCRAT (51.1%)
1997,California,DEMOCRAT (51.1%)
1998,California,DEMOCRAT (51.1%)
1999,California,DEMOCRAT (51.1%)
2000,California,DEMOCRAT (53.45%)
2001,California,DEMOCRAT (53.45%)
2002,California,DEMOCRAT (53.45%)
2003,California,DEMOCRAT (53.45%)
2004,California,DEMOCRAT (54.31%)
2005,California,DEMOCRAT (54.31%)
2006,California,DEMOCRAT (54.31%)
2007,California,DEMOCRAT (54.31%)
2008,California,DEMOCRAT (61.01%)
2009,California,DEMOCRAT (61.01%)
2010,California,DEMOCRAT (61.01%)
2011,California,DEMOCRAT (61.01%)
2012,California,DEMOCRAT (60.24%)
2013,California,DEMOCRAT (60.24%)
2014,California,DEMOCRAT (60.24%)
2015,California,DEMOCRAT (60.24%)
2016,California,DEMOCRAT (61.73%)
2017,California,DEMOCRAT (61.73%)
2018,California,DEMOCRAT (61.73%)
2019,California,DEMOCRAT (61.73%)
2020,California,DEMOCRAT (63.48%)
1976,Colorado,REPUBLICAN (54.03%)
1977,Colorado,REPUBLICAN (54.03%)
1978,Colorado,REPUBLICAN (54.03%)
1979,Colorado,REPUBLICAN (54.03%)
1980,Colorado,REPUBLICAN (55.07%)
1981,Colorado,REPUBLICAN (55.07%)
1982,Colorado,REPUBLICAN (55.07%)
1983,Colorado,REPUBLICAN (55.07%)
1984,Colorado,REPUBLICAN (63.44%)
1985,Colorado,REPUBLICAN (63.44%)
1986,Colorado,REPUBLICAN (63.44%)
1987,Colorado,REPUBLICAN (63.44%)
1988,Colorado,REPUBLICAN (53.06%)
1989,Colorado,REPUBLICAN (53.06%)
1990,Colorado,REPUBLICAN (53.06%)
1991,Colorado,REPUBLICAN (53.06%)
1992,Colorado,DEMOCRAT (40.13%)
1993,Colorado,DEMOCRAT (40.13%)
1994,Colorado,DEMOCRAT (40.13%)
1995,Colorado,DEMOCRAT (40.13%)
1996,Colorado,REPUBLICAN (45.8%)
1997,Colorado,REPUBLICAN (45.8%)
1998,Colorado,REPUBLICAN (45.8%)
1999,Colorado,REPUBLICAN (45.8%)
2000,Colorado,REPUBLICAN (50.75%)
2001,Colorado,REPUBLICAN (50.75%)
2002,Colorado,REPUBLICAN (50.75%)
2003,Colorado,REPUBLICAN (50.75%)
2004,Colorado,REPUBLICAN (51.71%)
2005,Colorado,REPUBLICAN (51.71%)
2006,Colorado,REPUBLICAN (51.71%)
2007,Colorado,REPUBLICAN (51.71%)
2008,Colorado,DEMOCRAT (53.66%)
2009,Colorado,DEMOCRAT (53.66%)
2010,Colorado,DEMOCRAT (53.66%)
2011,Colorado,DEMOCRAT (53.66%)
2012,Colorado,DEMOCRAT (51.49%)
2013,Colorado,DEMOCRAT (51.49%)
2014,Colorado,DEMOCRAT (51.49%)
2015,Colorado,DEMOCRAT (51.49%)
2016,Colorado,DEMOCRAT (48.16%)
2017,Colorado,DEMOCRAT (48.16%)
2018,Colorado,DEMOCRAT (48.16%)
2019,Colorado,DEMOCRAT (48.16%)
2020,Colorado,DEMOCRAT (55.01%)
1976,Connecticut,REPUBLICAN (51.88%)
1977,Connecticut,REPUBLICAN (51.88%)
1978,Connecticut,REPUBLICAN (51.88%)
1979,Connecticut,REPUBLICAN (51.88%)
1980,Connecticut,REPUBLICAN (48.16%)
1981,Connecticut,REPUBLICAN (48.16%)
1982,Connecticut,REPUBLICAN (48.16%)
1983,Connecticut,REPUBLICAN (48.16%)
1984,Connecticut,REPUBLICAN (60.73%)
1985,Connecticut,REPUBLICAN (60.73%)
1986,Connecticut,REPUBLICAN (60.73%)
1987,Connecticut,REPUBLICAN (60.73%)
1988,Connecticut,REPUBLICAN (51.98%)
1989,Connecticut,REPUBLICAN (51.98%)
1990,Connecticut,REPUBLICAN (51.98%)
1991,Connecticut,REPUBLICAN (51.98%)
1992,Connecticut,DEMOCRAT (42.22%)
1993,Connecticut,DEMOCRAT (42.22%)
1994,Connecticut,DEMOCRAT (42.22%)
1995,Connecticut,DEMOCRAT (42.22%)
1996,Connecticut,DEMOCRAT (52.83%)
1997,Connecticut,DEMOCRAT (52.83%)
1998,Connecticut,DEMOCRAT (52.83%)
1999,Connecticut,DEMOCRAT (52.83%)
2000,Connecticut,DEMOCRAT (55.91%)
2001,Connecticut,DEMOCRAT (55.91%)
2002,Connecticut,DEMOCRAT (55.91%)
2003,Connecticut,DEMOCRAT (55.91%)
2004,Connecticut,DEMOCRAT (54.31%)
2005,Connecticut,DEMOCRAT (54.31%)
2006,Connecticut,DEMOCRAT (54.31%)
2007,Connecticut,DEMOCRAT (54.31%)
2008,Connecticut,DEMOCRAT (60.59%)
2009,Connecticut,DEMOCRAT (60.59%)
2010,Connecticut,DEMOCRAT (60.59%)
2011,Connecticut,DEMOCRAT (60.59%)
2012,Connecticut,DEMOCRAT (58.09%)
2013,Connecticut,DEMOCRAT (58.09%)
2014,Connecticut,DEMOCRAT (58.09%)
2015,Connecticut,DEMOCRAT (58.09%)
2016,Connecticut,DEMOCRAT (54.57%)
2017,Connecticut,DEMOCRAT (54.57%)
2018,Connecticut,DEMOCRAT (54.57%)
2019,Connecticut,DEMOCRAT (54.57%)
2020,Connecticut,DEMOCRAT (59.26%)
1976,Delaware,DEMOCRAT (51.97%)
1977,Delaware,DEMOCRAT (51.97%)
1978,Delaware,DEMOCRAT (51.97%)
1979,Delaware,DEMOCRAT (51.97%)
1980,Delaware,REPUBLICAN (47.21%)
1981,Delaware,REPUBLICAN (47.21%)
1982,Delaware,REPUBLICAN (47.21%)
1983,Delaware,REPUBLICAN (47.21%)
1984,Delaware,REPUBLICAN (59.78%)
1985,Delaware,REPUBLICAN (59.78%)
1986,Delaware,REPUBLICAN (59.78%)
1987,Delaware,REPUBLICAN (59.78%)
1988,Delaware,REPUBLICAN (55.88%)
1989,Delaware,REPUBLICAN (55.88%)
1990,Delaware,REPUBLICAN (55.88%)
1991,Delaware,REPUBLICAN (55.88%)
1992,Delaware,DEMOCRAT (43.52%)
1993,Delaware,DEMOCRAT (43.52%)
1994,Delaware,DEMOCRAT (43.52%)
1995,Delaware,DEMOCRAT (43.52%)
1996,Delaware,DEMOCRAT (51.83%)
1997,Delaware,DEMOCRAT (51.83%)
1998,Delaware,DEMOCRAT (51.83%)
1999,Delaware,DEMOCRAT (51.83%)
2000,Delaware,DEMOCRAT (54.98%)
2001,Delaware,DEMOCRAT (54.98%)
2002,Delaware,DEMOCRAT (54.98%)
2003,Delaware,DEMOCRAT (54.98%)
2004,Delaware,DEMOCRAT (53.35%)
2005,Delaware,DEMOCRAT (53.35%)
2006,Delaware,DEMOCRAT (53.35%)
2007,Delaware,DEMOCRAT (53.35%)
2008,Delaware,DEMOCRAT (61.94%)
2009,Delaware,DEMOCRAT (61.94%)
2010,Delaware,DEMOCRAT (61.94%)
2011,Delaware,DEMOCRAT (61.94%)
2012,Delaware,DEMOCRAT (58.61%)
2013,Delaware,DEMOCRAT (58.61%)
2014,Delaware,DEMOCRAT (58.61%)
2015,Delaware,DEMOCRAT (58.61%)
2016,Delaware,DEMOCRAT (53.35%)
2017,Delaware,DEMOCRAT (53.35%)
2018,Delaware,DEMOCRAT (53.35%)
2019,Delaware,DEMOCRAT (53.35%)
2020,Delaware,DEMOCRAT (58.74%)
1976,Florida,DEMOCRAT (51.93%)
1977,Florida,DEMOCRAT (51.93%)
1978,Florida,DEMOCRAT (51.93%)
1979,Florida,DEMOCRAT (51.93%)
1980,Florida,REPUBLICAN (55.52%)
1981,Florida,REPUBLICAN (55.52%)
1982,Florida,REPUBLICAN (55.52%)
1983,Florida,REPUBLICAN (55.52%)
1984,Florida,REPUBLICAN (65.32%)
1985,Florida,REPUBLICAN (65.32%)
1986,Florida,REPUBLICAN (65.32%)
1987,Florida,REPUBLICAN (65.32%)
1988,Florida,REPUBLICAN (60.87%)
1989,Florida,REPUBLICAN (60.87%)
1990,Florida,REPUBLICAN (60.87%)
1991,Florida,REPUBLICAN (60.87%)
1992,Florida,REPUBLICAN (40.9%)
1993,Florida,REPUBLICAN (40.9%)
1994,Florida,REPUBLICAN (40.9%)
1995,Florida,REPUBLICAN (40.9%)
1996,Florida,DEMOCRAT (48.03%)
1997,Florida,DEMOCRAT (48.03%)
1998,Florida,DEMOCRAT (48.03%)
1999,Florida,DEMOCRAT (48.03%)
2000,Florida,REPUBLICAN (48.85%)
2001,Florida,REPUBLICAN (48.85%)
2002,Florida,REPUBLICAN (48.85%)
2003,Florida,REPUBLICAN (48.85%)
2004,Florida,REPUBLICAN (52.1%)
2005,Florida,REPUBLICAN (52.1%)
2006,Florida,REPUBLICAN (52.1%)
2007,Florida,REPUBLICAN (52.1%)
2008,Florida,DEMOCRAT (51.03%)
2009,Florida,DEMOCRAT (51.03%)
2010,Florida,DEMOCRAT (51.03%)
2011,Florida,DEMOCRAT (51.03%)
2012,Florida,DEMOCRAT (50.01%)
2013,Florida,DEMOCRAT (50.01%)
2014,Florida,DEMOCRAT (50.01%)
2015,Florida,DEMOCRAT (50.01%)
2016,Florida,REPUBLICAN (49.02%)
2017,Florida,REPUBLICAN (49.02%)
2018,Florida,REPUBLICAN (49.02%)
2019,Florida,REPUBLICAN (49.02%)
2020,Florida,REPUBLICAN (51.22%)
1976,Georgia,DEMOCRAT (66.94%)
1977,Georgia,DEMOCRAT (66.94%)
1978,Georgia,DEMOCRAT (66.94%)
1979,Georgia,DEMOCRAT (66.94%)
1980,Georgia,DEMOCRAT (55.8%)
1981,Georgia,DEMOCRAT (55.8%)
1982,Georgia,DEMOCRAT (55.8%)
1983,Georgia,DEMOCRAT (55.8%)
1984,Georgia,REPUBLICAN (60.17%)
1985,Georgia,REPUBLICAN (60.17%)
1986,Georgia,REPUBLICAN (60.17%)
1987,Georgia,REPUBLICAN (60.17%)
1988,Georgia,REPUBLICAN (59.75%)
1989,Georgia,REPUBLICAN (59.75%)
1990,Georgia,REPUBLICAN (59.75%)
1991,Georgia,REPUBLICAN (59.75%)
1992,Georgia,DEMOCRAT (43.47%)
1993,Georgia,DEMOCRAT (43.47%)
1994,Georgia,DEMOCRAT (43.47%)
1995,Georgia,DEMOCRAT (43.47%)
1996,Georgia,REPUBLICAN (47.02%)
1997,Georgia,REPUBLICAN (47.02%)
1998,Georgia,REPUBLICAN (47.02%)
1999,Georgia,REPUBLICAN (47.02%)
2000,Georgia,REPUBLICAN (54.96%)
2001,Georgia,REPUBLICAN (54.96%)
2002,Georgia,REPUBLICAN (54.96%)
2003,Georgia,REPUBLICAN (54.96%)
2004,Georgia,REPUBLICAN (57.97%)
2005,Georgia,REPUBLICAN (57.97%)
2006,Georgia,REPUBLICAN (57.97%)
2007,Georgia,REPUBLICAN (57.97%)
2008,Georgia,REPUBLICAN (52.2%)
2009,Georgia,REPUBLICAN (52.2%)
2010,Georgia,REPUBLICAN (52.2%)
2011,Georgia,REPUBLICAN (52.2%)
2012,Georgia,REPUBLICAN (53.33%)
2013,Georgia,REPUBLICAN (53.33%)
2014,Georgia,REPUBLICAN (53.33%)
2015,Georgia,REPUBLICAN (53.33%)
2016,Georgia,REPUBLICAN (50.77%)
2017,Georgia,REPUBLICAN (50.77%)
2018,Georgia,REPUBLICAN (50.77%)
2019,Georgia,REPUBLICAN (50.77%)
2020,Georgia,DEMOCRAT (49.47%)
1976,Hawaii,DEMOCRAT (50.59%)
1977,Hawaii,DEMOCRAT (50.59%)
1978,Hawaii,DEMOCRAT (50.59%)
1979,Hawaii,DEMOCRAT (50.59%)
1980,Hawaii,DEMOCRAT (44.8%)
1981,Hawaii,DEMOCRAT (44.8%)
1982,Hawaii,DEMOCRAT (44.8%)
1983,Hawaii,DEMOCRAT (44.8%)
1984,Hawaii,REPUBLICAN (55.1%)
1985,Hawaii,REPUBLICAN (55.1%)
1986,Hawaii,REPUBLICAN (55.1%)
1987,Hawaii,REPUBLICAN (55.1%)
1988,Hawaii,DEMOCRAT (54.27%)
1989,Hawaii,DEMOCRAT (54.27%)
1990,Hawaii,DEMOCRAT (54.27%)
1991,Hawaii,DEMOCRAT (54.27%)
1992,Hawaii,DEMOCRAT (48.09%)
1993,Hawaii,DEMOCRAT (48.09%)
1994,Hawaii,DEMOCRAT (48.09%)
1995,Hawaii,DEMOCRAT (48.09%)
1996,Hawaii,DEMOCRAT (56.93%)
1997,Hawaii,DEMOCRAT (56.93%)
1998,Hawaii,DEMOCRAT (56.93%)
1999,Hawaii,DEMOCRAT (56.93%)
2000,Hawaii,DEMOCRAT (55.79%)
2001,Hawaii,DEMOCRAT (55.79%)
2002,Hawaii,DEMOCRAT (55.79%)
2003,Hawaii,DEMOCRAT (55.79%)
2004,Hawaii,DEMOCRAT (54.01%)
2005,Hawaii,DEMOCRAT (54.01%)
2006,Hawaii,DEMOCRAT (54.01%)
2007,Hawaii,DEMOCRAT (54.01%)
2008,Hawaii,DEMOCRAT (71.45%)
2009,Hawaii,DEMOCRAT (71.45%)
2010,Hawaii,DEMOCRAT (71.45%)
2011,Hawaii,DEMOCRAT (71.45%)
2012,Hawaii,DEMOCRAT (70.15%)
2013,Hawaii,DEMOCRAT (70.15%)
2014,Hawaii,DEMOCRAT (70.15%)
2015,Hawaii,DEMOCRAT (70.15%)
2016,Hawaii,DEMOCRAT (60.98%)
2017,Hawaii,DEMOCRAT (60.98%)
2018,Hawaii,DEMOCRAT (60.98%)
2019,Hawaii,DEMOCRAT (60.98%)
2020,Hawaii,DEMOCRAT (63.15%)
1976,Idaho,REPUBLICAN (59.88%)
1977,Idaho,REPUBLICAN (59.88%)
1978,Idaho,REPUBLICAN (59.88%)
1979,Idaho,REPUBLICAN (59.88%)
1980,Idaho,REPUBLICAN (66.46%)
1981,Idaho,REPUBLICAN (66.46%)
1982,Idaho,REPUBLICAN (66.46%)
1983,Idaho,REPUBLICAN (66.46%)
1984,Idaho,REPUBLICAN (72.36%)
1985,Idaho,REPUBLICAN (72.36%)
1986,Idaho,REPUBLICAN (72.36%)
1987,Idaho,REPUBLICAN (72.36%)
1988,Idaho,REPUBLICAN (62.08%)
1989,Idaho,REPUBLICAN (62.08%)
1990,Idaho,REPUBLICAN (62.08%)
1991,Idaho,REPUBLICAN (62.08%)
1992,Idaho,REPUBLICAN (42.03%)
1993,Idaho,REPUBLICAN (42.03%)
1994,Idaho,REPUBLICAN (42.03%)
1995,Idaho,REPUBLICAN (42.03%)
1996,Idaho,REPUBLICAN (52.18%)
1997,Idaho,REPUBLICAN (52.18%)
1998,Idaho,REPUBLICAN (52.18%)
1999,Idaho,REPUBLICAN (52.18%)
2000,Idaho,REPUBLICAN (67.17%)
2001,Idaho,REPUBLICAN (67.17%)
2002,Idaho,REPUBLICAN (67.17%)
2003,Idaho,REPUBLICAN (67.17%)
2004,Idaho,REPUBLICAN (68.39%)
2005,Idaho,REPUBLICAN (68.39%)
2006,Idaho,REPUBLICAN (68.39%)
2007,Idaho,REPUBLICAN (68.39%)
2008,Idaho,REPUBLICAN (61.52%)
2009,Idaho,REPUBLICAN (61.52%)
2010,Idaho,REPUBLICAN (61.52%)
2011,Idaho,REPUBLICAN (61.52%)
2012,Idaho,REPUBLICAN (64.53%)
2013,Idaho,REPUBLICAN (64.53%)
2014,Idaho,REPUBLICAN (64.53%)
2015,Idaho,REPUBLICAN (64.53%)
2016,Idaho,REPUBLICAN (59.26%)
2017,Idaho,REPUBLICAN (59.26%)
2018,Idaho,REPUBLICAN (59.26%)
2019,Idaho,REPUBLICAN (59.26%)
2020,Idaho,REPUBLICAN (63.84%)
1976,Illinois,REPUBLICAN (50.08%)
1977,Illinois,REPUBLICAN (50.08%)
1978,Illinois,REPUBLICAN (50.08%)
1979,Illinois,REPUBLICAN (50.08%)
1980,Illinois,REPUBLICAN (49.65%)
1981,Illinois,REPUBLICAN (49.65%)
1982,Illinois,REPUBLICAN (49.65%)
1983,Illinois,REPUBLICAN (49.65%)
1984,Illinois,REPUBLICAN (56.17%)
1985,Illinois,REPUBLICAN (56.17%)
1986,Illinois,REPUBLICAN (56.17%)
1987,Illinois,REPUBLICAN (56.17%)
1988,Illinois,REPUBLICAN (50.69%)
1989,Illinois,REPUBLICAN (50.69%)
1990,Illinois,REPUBLICAN (50.69%)
1991,Illinois,REPUBLICAN (50.69%)
1992,Illinois,DEMOCRAT (48.58%)
1993,Illinois,DEMOCRAT (48.58%)
1994,Illinois,DEMOCRAT (48.58%)
1995,Illinois,DEMOCRAT (48.58%)
1996,Illinois,DEMOCRAT (54.32%)
1997,Illinois,DEMOCRAT (54.32%)
1998,Illinois,DEMOCRAT (54.32%)
1999,Illinois,DEMOCRAT (54.32%)
2000,Illinois,DEMOCRAT (54.6%)
2001,Illinois,DEMOCRAT (54.6%)
2002,Illinois,DEMOCRAT (54.6%)
2003,Illinois,DEMOCRAT (54.6%)
2004,Illinois,DEMOCRAT (54.82%)
2005,Illinois,DEMOCRAT (54.82%)
2006,Illinois,DEMOCRAT (54.82%)
2007,Illinois,DEMOCRAT (54.82%)
2008,Illinois,DEMOCRAT (61.92%)
2009,Illinois,DEMOCRAT (61.92%)
2010,Illinois,DEMOCRAT (61.92%)
2011,Illinois,DEMOCRAT (61.92%)
2012,Illinois,DEMOCRAT (57.6%)
2013,Illinois,DEMOCRAT (57.6%)
2014,Illinois,DEMOCRAT (57.6%)
2015,Illinois,DEMOCRAT (57.6%)
2016,Illinois,DEMOCRAT (55.83%)
2017,Illinois,DEMOCRAT (55.83%)
2018,Illinois,DEMOCRAT (55.83%)
2019,Illinois,DEMOCRAT (55.83%)
2020,Illinois,DEMOCRAT (57.54%)
1976,Indiana,REPUBLICAN (53.32%)
1977,Indiana,REPUBLICAN (53.32%)
1978,Indiana,REPUBLICAN (53.32%)
1979,Indiana,REPUBLICAN (53.32%)
1980,Indiana,REPUBLICAN (56.01%)
1981,Indiana,REPUBLICAN (56.01%)
1982,Indiana,REPUBLICAN (56.01%)
1983,Indiana,REPUBLICAN (56.01%)
1984,Indiana,REPUBLICAN (61.67%)
1985,Indiana,REPUBLICAN (61.67%)
1986,Indiana,REPUBLICAN (61.67%)
1987,Indiana,REPUBLICAN (61.67%)
1988,Indiana,REPUBLICAN (59.84%)
1989,Indiana,REPUBLICAN (59.84%)
1990,Indiana,REPUBLICAN (59.84%)
1991,Indiana,REPUBLICAN (59.84%)
1992,Indiana,REPUBLICAN (42.91%)
1993,Indiana,REPUBLICAN (42.91%)
1994,Indiana,REPUBLICAN (42.91%)
1995,Indiana,REPUBLICAN (42.91%)
1996,Indiana,REPUBLICAN (47.14%)
1997,Indiana,REPUBLICAN (47.14%)
1998,Indiana,REPUBLICAN (47.14%)
1999,Indiana,REPUBLICAN (47.14%)
2000,Indiana,REPUBLICAN (56.65%)
2001,Indiana,REPUBLICAN (56.65%)
2002,Indiana,REPUBLICAN (56.65%)
2003,Indiana,REPUBLICAN (56.65%)
2004,Indiana,REPUBLICAN (59.94%)
2005,Indiana,REPUBLICAN (59.94%)
2006,Indiana,REPUBLICAN (59.94%)
2007,Indiana,REPUBLICAN (59.94%)
2008,Indiana,DEMOCRAT (49.95%)
2009,Indiana,DEMOCRAT (49.95%)
2010,Indiana,DEMOCRAT (49.95%)
2011,Indiana,DEMOCRAT (49.95%)
2012,Indiana,REPUBLICAN (54.13%)
2013,Indiana,REPUBLICAN (54.13%)
2014,Indiana,REPUBLICAN (54.13%)
2015,Indiana,REPUBLICAN (54.13%)
2016,Indiana,REPUBLICAN (56.94%)
2017,Indiana,REPUBLICAN (56.94%)
2018,Indiana,REPUBLICAN (56.94%)
2019,Indiana,REPUBLICAN (56.94%)
2020,Indiana,REPUBLICAN (57.02%)
1976,Iowa,REPUBLICAN (49.47%)
1977,Iowa,REPUBLICAN (49.47%)
1978,Iowa,REPUBLICAN (49.47%)
1979,Iowa,REPUBLICAN (49.47%)
1980,Iowa,REPUBLICAN (51.31%)
1981,Iowa,REPUBLICAN (51.31%)
1982,Iowa,REPUBLICAN (51.31%)
1983,Iowa,REPUBLICAN (51.31%)
1984,Iowa,REPUBLICAN (53.27%)
1985,Iowa,REPUBLICAN (53.27%)
1986,Iowa,REPUBLICAN (53.27%)
1987,Iowa,REPUBLICAN (53.27%)
1988,Iowa,DEMOCRAT (54.71%)
1989,Iowa,DEMOCRAT (54.71%)
1990,Iowa,DEMOCRAT (54.71%)
1991,Iowa,DEMOCRAT (54.71%)
1992,Iowa,DEMOCRAT (43.29%)
1993,Iowa,DEMOCRAT (43.29%)
1994,Iowa,DEMOCRAT (43.29%)
1995,Iowa,DEMOCRAT (43.29%)
1996,Iowa,DEMOCRAT (50.26%)
1997,Iowa,DEMOCRAT (50.26%)
1998,Iowa,DEMOCRAT (50.26%)
1999,Iowa,DEMOCRAT (50.26%)
2000,Iowa,DEMOCRAT (47.19%)
2001,Iowa,DEMOCRAT (47.19%)
2002,Iowa,DEMOCRAT (47.19%)
2003,Iowa,DEMOCRAT (47.19%)
2004,Iowa,REPUBLICAN (49.9%)
2005,Iowa,REPUBLICAN (49.9%)
2006,Iowa,REPUBLICAN (49.9%)
2007,Iowa,REPUBLICAN (49.9%)
2008,Iowa,DEMOCRAT (53.93%)
2009,Iowa,DEMOCRAT (53.93%)
2010,Iowa,DEMOCRAT (53.93%)
2011,Iowa,DEMOCRAT (53.93%)
2012,Iowa,DEMOCRAT (51.99%)
2013,Iowa,DEMOCRAT (51.99%)
2014,Iowa,DEMOCRAT (51.99%)
2015,Iowa,DEMOCRAT (51.99%)
2016,Iowa,REPUBLICAN (51.16%)
2017,Iowa,REPUBLICAN (51.16%)
2018,Iowa,REPUBLICAN (51.16%)
2019,Iowa,REPUBLICAN (51.16%)
2020,Iowa,REPUBLICAN (52.8%)
1976,Kansas,REPUBLICAN (52.49%)
1977,Kansas,REPUBLICAN (52.49%)
1978,Kansas,REPUBLICAN (52.49%)
1979,Kansas,REPUBLICAN (52.49%)
1980,Kansas,REPUBLICAN (57.85%)
1981,Kansas,REPUBLICAN (57.85%)
1982,Kansas,REPUBLICAN (57.85%)
1983,Kansas,REPUBLICAN (57.85%)
1984,Kansas,REPUBLICAN (66.27%)
1985,Kansas,REPUBLICAN (66.27%)
1986,Kansas,REPUBLICAN (66.27%)
1987,Kansas,REPUBLICAN (66.27%)
1988,Kansas,REPUBLICAN (55.79%)
1989,Kansas,REPUBLICAN (55.79%)
1990,Kansas,REPUBLICAN (55.79%)
1991,Kansas,REPUBLICAN (55.79%)
1992,Kansas,REPUBLICAN (38.88%)
1993,Kansas,REPUBLICAN (38.88%)
1994,Kansas,REPUBLICAN (38.88%)
1995,Kansas,REPUBLICAN (38.88%)
1996,Kansas,REPUBLICAN (54.29%)
1997,Kansas,REPUBLICAN (54.29%)
1998,Kansas,REPUBLICAN (54.29%)
1999,Kansas,REPUBLICAN (54.29%)
2000,Kansas,REPUBLICAN (58.04%)
2001,Kansas,REPUBLICAN (58.04%)
2002,Kansas,REPUBLICAN (58.04%)
2003,Kansas,REPUBLICAN (58.04%)
2004,Kansas,REPUBLICAN (62%)
2005,Kansas,REPUBLICAN (62%)
2006,Kansas,REPUBLICAN (62%)
2007,Kansas,REPUBLICAN (62%)
2008,Kansas,REPUBLICAN (56.61%)
2009,Kansas,REPUBLICAN (56.61%)
2010,Kansas,REPUBLICAN (56.61%)
2011,Kansas,REPUBLICAN (56.61%)
2012,Kansas,REPUBLICAN (59.71%)
2013,Kansas,REPUBLICAN (59.71%)
2014,Kansas,REPUBLICAN (59.71%)
2015,Kansas,REPUBLICAN (59.71%)
2016,Kansas,REPUBLICAN (56.65%)
2017,Kansas,REPUBLICAN (56.65%)
2018,Kansas,REPUBLICAN (56.65%)
2019,Kansas,REPUBLICAN (56.65%)
2020,Kansas,REPUBLICAN (56.21%)
1976,Kentucky,DEMOCRAT (52.75%)
1977,Kentucky,DEMOCRAT (52.75%)
1978,Kentucky,DEMOCRAT (52.75%)
1979,Kentucky,DEMOCRAT (52.75%)
1980,Kentucky,REPUBLICAN (49.03%)
1981,Kentucky,REPUBLICAN (49.03%)
1982,Kentucky,REPUBLICAN (49.03%)
1983,Kentucky,REPUBLICAN (49.03%)
1984,Kentucky,REPUBLICAN (60.01%)
1985,Kentucky,REPUBLICAN (60.01%)
1986,Kentucky,REPUBLICAN (60.01%)
1987,Kentucky,REPUBLICAN (60.01%)
1988,Kentucky,REPUBLICAN (55.52%)
1989,Kentucky,REPUBLICAN (55.52%)
1990,Kentucky,REPUBLICAN (55.52%)
1991,Kentucky,REPUBLICAN (55.52%)
1992,Kentucky,DEMOCRAT (44.55%)
1993,Kentucky,DEMOCRAT (44.55%)
1994,Kentucky,DEMOCRAT (44.55%)
1995,Kentucky,DEMOCRAT (44.55%)
1996,Kentucky,DEMOCRAT (45.84%)
1997,Kentucky,DEMOCRAT (45.84%)
1998,Kentucky,DEMOCRAT (45.84%)
1999,Kentucky,DEMOCRAT (45.84%)
2000,Kentucky,REPUBLICAN (56.51%)
2001,Kentucky,REPUBLICAN (56.51%)
2002,Kentucky,REPUBLICAN (56.51%)
2003,Kentucky,REPUBLICAN (56.51%)
2004,Kentucky,REPUBLICAN (59.55%)
2005,Kentucky,REPUBLICAN (59.55%)
2006,Kentucky,REPUBLICAN (59.55%)
2007,Kentucky,REPUBLICAN (59.55%)
2008,Kentucky,REPUBLICAN (57.4%)
2009,Kentucky,REPUBLICAN (57.4%)
2010,Kentucky,REPUBLICAN (57.4%)
2011,Kentucky,REPUBLICAN (57.4%)
2012,Kentucky,REPUBLICAN (60.49%)
2013,Kentucky,REPUBLICAN (60.49%)
2014,Kentucky,REPUBLICAN (60.49%)
2015,Kentucky,REPUBLICAN (60.49%)
2016,Kentucky,REPUBLICAN (62.52%)
2017,Kentucky,REPUBLICAN (62.52%)
2018,Kentucky,REPUBLICAN (62.52%)
2019,Kentucky,REPUBLICAN (62.52%)
2020,Kentucky,REPUBLICAN (62.09%)
1976,Louisiana,DEMOCRAT (51.77%)
1977,Louisiana,DEMOCRAT (51.77%)
1978,Louisiana,DEMOCRAT (51.77%)
1979,Louisiana,DEMOCRAT (51.77%)
1980,Louisiana,REPUBLICAN (51.2%)
1981,Louisiana,REPUBLICAN (51.2%)
1982,Louisiana,REPUBLICAN (51.2%)
1983,Louisiana,REPUBLICAN (51.2%)
1984,Louisiana,REPUBLICAN (60.77%)
1985,Louisiana,REPUBLICAN (60.77%)
1986,Louisiana,REPUBLICAN (60.77%)
1987,Louisiana,REPUBLICAN (60.77%)
1988,Louisiana,REPUBLICAN (54.27%)
1989,Louisiana,REPUBLICAN (54.27%)
1990,Louisiana,REPUBLICAN (54.27%)
1991,Louisiana,REPUBLICAN (54.27%)
1992,Louisiana,DEMOCRAT (45.58%)
1993,Louisiana,DEMOCRAT (45.58%)
1994,Louisiana,DEMOCRAT (45.58%)
1995,Louisiana,DEMOCRAT (45.58%)
1996,Louisiana,DEMOCRAT (52.01%)
1997,Louisiana,DEMOCRAT (52.01%)
1998,Louisiana,DEMOCRAT (52.01%)
1999,Louisiana,DEMOCRAT (52.01%)
2000,Louisiana,REPUBLICAN (52.55%)
2001,Louisiana,REPUBLICAN (52.55%)
2002,Louisiana,REPUBLICAN (52.55%)
2003,Louisiana,REPUBLICAN (52.55%)
2004,Louisiana,REPUBLICAN (56.72%)
2005,Louisiana,REPUBLICAN (56.72%)
2006,Louisiana,REPUBLICAN (56.72%)
2007,Louisiana,REPUBLICAN (56.72%)
2008,Louisiana,REPUBLICAN (58.56%)
2009,Louisiana,REPUBLICAN (58.56%)
2010,Louisiana,REPUBLICAN (58.56%)
2011,Louisiana,REPUBLICAN (58.56%)
2012,Louisiana,REPUBLICAN (57.78%)
2013,Louisiana,REPUBLICAN (57.78%)
2014,Louisiana,REPUBLICAN (57.78%)
2015,Louisiana,REPUBLICAN (57.78%)
2016,Louisiana,REPUBLICAN (58.09%)
2017,Louisiana,REPUBLICAN (58.09%)
2018,Louisiana,REPUBLICAN (58.09%)
2019,Louisiana,REPUBLICAN (58.09%)
2020,Louisiana,REPUBLICAN (58.46%)
1976,Maine,REPUBLICAN (48.93%)
1977,Maine,REPUBLICAN (48.93%)
1978,Maine,REPUBLICAN (48.93%)
1979,Maine,REPUBLICAN (48.93%)
1980,Maine,REPUBLICAN (45.61%)
1981,Maine,REPUBLICAN (45.61%)
1982,Maine,REPUBLICAN (45.61%)
1983,Maine,REPUBLICAN (45.61%)
1984,Maine,REPUBLICAN (60.83%)
1985,Maine,REPUBLICAN (60.83%)
1986,Maine,REPUBLICAN (60.83%)
1987,Maine,REPUBLICAN (60.83%)
1988,Maine,REPUBLICAN (55.34%)
1989,Maine,REPUBLICAN (55.34%)
1990,Maine,REPUBLICAN (55.34%)
1991,Maine,REPUBLICAN (55.34%)
1992,Maine,DEMOCRAT (38.77%)
1993,Maine,DEMOCRAT (38.77%)
1994,Maine,DEMOCRAT (38.77%)
1995,Maine,DEMOCRAT (38.77%)
1996,Maine,DEMOCRAT (51.62%)
1997,Maine,DEMOCRAT (51.62%)
1998,Maine,DEMOCRAT (51.62%)
1999,Maine,DEMOCRAT (51.62%)
2000,Maine,DEMOCRAT (49.09%)
2001,Maine,DEMOCRAT (49.09%)
2002,Maine,DEMOCRAT (49.09%)
2003,Maine,DEMOCRAT (49.09%)
2004,Maine,DEMOCRAT (53.57%)
2005,Maine,DEMOCRAT (53.57%)
2006,Maine,DEMOCRAT (53.57%)
2007,Maine,DEMOCRAT (53.57%)
2008,Maine,DEMOCRAT (57.71%)
2009,Maine,DEMOCRAT (57.71%)
2010,Maine,DEMOCRAT (57.71%)
2011,Maine,DEMOCRAT (57.71%)
2012,Maine,DEMOCRAT (55.37%)
2013,Maine,DEMOCRAT (55.37%)
2014,Maine,DEMOCRAT (55.37%)
2015,Maine,DEMOCRAT (55.37%)
2016,Maine,DEMOCRAT (46.35%)
2017,Maine,DEMOCRAT (46.35%)
2018,Maine,DEMOCRAT (46.35%)
2019,Maine,DEMOCRAT (46.35%)
2020,Maine,DEMOCRAT (52.53%)
1976,Maryland,DEMOCRAT (53.04%)
1977,Maryland,DEMOCRAT (53.04%)
1978,Maryland,DEMOCRAT (53.04%)
1979,Maryland,DEMOCRAT (53.04%)
1980,Maryland,DEMOCRAT (47.14%)
1981,Maryland,DEMOCRAT (47.14%)
1982,Maryland,DEMOCRAT (47.14%)
1983,Maryland,DEMOCRAT (47.14%)
1984,Maryland,REPUBLICAN (52.51%)
1985,Maryland,REPUBLICAN (52.51%)
1986,Maryland,REPUBLICAN (52.51%)
1987,Maryland,REPUBLICAN (52.51%)
1988,Maryland,REPUBLICAN (51.11%)
1989,Maryland,REPUBLICAN (51.11%)
1990,Maryland,REPUBLICAN (51.11%)
1991,Maryland,REPUBLICAN (51.11%)
1992,Maryland,DEMOCRAT (49.81%)
1993,Maryland,DEMOCRAT (49.81%)
1994,Maryland,DEMOCRAT (49.81%)
1995,Maryland,DEMOCRAT (49.81%)
1996,Maryland,DEMOCRAT (54.25%)
1997,Maryland,DEMOCRAT (54.25%)
1998,Maryland,DEMOCRAT (54.25%)
1999,Maryland,DEMOCRAT (54.25%)
2000,Maryland,DEMOCRAT (56.49%)
2001,Maryland,DEMOCRAT (56.49%)
2002,Maryland,DEMOCRAT (56.49%)
2003,Maryland,DEMOCRAT (56.49%)
2004,Maryland,DEMOCRAT (55.97%)
2005,Maryland,DEMOCRAT (55.97%)
2006,Maryland,DEMOCRAT (55.97%)
2007,Maryland,DEMOCRAT (55.97%)
2008,Maryland,DEMOCRAT (61.92%)
2009,Maryland,DEMOCRAT (61.92%)
2010,Maryland,DEMOCRAT (61.92%)
2011,Maryland,DEMOCRAT (61.92%)
2012,Maryland,DEMOCRAT (61.97%)
2013,Maryland,DEMOCRAT (61.97%)
2014,Maryland,DEMOCRAT (61.97%)
2015,Maryland,DEMOCRAT (61.97%)
2016,Maryland,DEMOCRAT (60.33%)
2017,Maryland,DEMOCRAT (60.33%)
2018,Maryland,DEMOCRAT (60.33%)
2019,Maryland,DEMOCRAT (60.33%)
2020,Maryland,DEMOCRAT (65.36%)
1976,Massachusetts,DEMOCRAT (56.11%)
1977,Massachusetts,DEMOCRAT (56.11%)
1978,Massachusetts,DEMOCRAT (56.11%)
1979,Massachusetts,DEMOCRAT (56.11%)
1980,Massachusetts,REPUBLICAN (41.9%)
1981,Massachusetts,REPUBLICAN (41.9%)
1982,Massachusetts,REPUBLICAN (41.9%)
1983,Massachusetts,REPUBLICAN (41.9%)
1984,Massachusetts,REPUBLICAN (51.22%)
1985,Massachusetts,REPUBLICAN (51.22%)
1986,Massachusetts,REPUBLICAN (51.22%)
1987,Massachusetts,REPUBLICAN (51.22%)
1988,Massachusetts,DEMOCRAT (53.23%)
1989,Massachusetts,DEMOCRAT (53.23%)
1990,Massachusetts,DEMOCRAT (53.23%)
1991,Massachusetts,DEMOCRAT (53.23%)
1992,Massachusetts,DEMOCRAT (47.54%)
1993,Massachusetts,DEMOCRAT (47.54%)
1994,Massachusetts,DEMOCRAT (47.54%)
1995,Massachusetts,DEMOCRAT (47.54%)
1996,Massachusetts,DEMOCRAT (61.47%)
1997,Massachusetts,DEMOCRAT (61.47%)
1998,Massachusetts,DEMOCRAT (61.47%)
1999,Massachusetts,DEMOCRAT (61.47%)
2000,Massachusetts,DEMOCRAT (59.13%)
2001,Massachusetts,DEMOCRAT (59.13%)
2002,Massachusetts,DEMOCRAT (59.13%)
2003,Massachusetts,DEMOCRAT (59.13%)
2004,Massachusetts,DEMOCRAT (61.62%)
2005,Massachusetts,DEMOCRAT (61.62%)
2006,Massachusetts,DEMOCRAT (61.62%)
2007,Massachusetts,DEMOCRAT (61.62%)
2008,Massachusetts,DEMOCRAT (61.36%)
2009,Massachusetts,DEMOCRAT (61.36%)
2010,Massachusetts,DEMOCRAT (61.36%)
2011,Massachusetts,DEMOCRAT (61.36%)
2012,Massachusetts,DEMOCRAT (60.34%)
2013,Massachusetts,DEMOCRAT (60.34%)
2014,Massachusetts,DEMOCRAT (60.34%)
2015,Massachusetts,DEMOCRAT (60.34%)
2016,Massachusetts,DEMOCRAT (59.05%)
2017,Massachusetts,DEMOCRAT (59.05%)
2018,Massachusetts,DEMOCRAT (59.05%)
2019,Massachusetts,DEMOCRAT (59.05%)
2020,Massachusetts,DEMOCRAT (65.12%)
1976,Michigan,REPUBLICAN (51.86%)
1977,Michigan,REPUBLICAN (51.86%)
1978,Michigan,REPUBLICAN (51.86%)
1979,Michigan,REPUBLICAN (51.86%)
1980,Michigan,REPUBLICAN (48.99%)
1981,Michigan,REPUBLICAN (48.99%)
1982,Michigan,REPUBLICAN (48.99%)
1983,Michigan,REPUBLICAN (48.99%)
1984,Michigan,REPUBLICAN (59.23%)
1985,Michigan,REPUBLICAN (59.23%)
1986,Michigan,REPUBLICAN (59.23%)
1987,Michigan,REPUBLICAN (59.23%)
1988,Michigan,REPUBLICAN (53.57%)
1989,Michigan,REPUBLICAN (53.57%)
1990,Michigan,REPUBLICAN (53.57%)
1991,Michigan,REPUBLICAN (53.57%)
1992,Michigan,DEMOCRAT (43.77%)
1993,Michigan,DEMOCRAT (43.77%)
1994,Michigan,DEMOCRAT (43.77%)
1995,Michigan,DEMOCRAT (43.77%)
1996,Michigan,DEMOCRAT (51.69%)
1997,Michigan,DEMOCRAT (51.69%)
1998,Michigan,DEMOCRAT (51.69%)
1999,Michigan,DEMOCRAT (51.69%)
2000,Michigan,DEMOCRAT (51.28%)
2001,Michigan,DEMOCRAT (51.28%)
2002,Michigan,DEMOCRAT (51.28%)
2003,Michigan,DEMOCRAT (51.28%)
2004,Michigan,DEMOCRAT (51.23%)
2005,Michigan,DEMOCRAT (51.23%)
2006,Michigan,DEMOCRAT (51.23%)
2007,Michigan,DEMOCRAT (51.23%)
2008,Michigan,DEMOCRAT (57.43%)
2009,Michigan,DEMOCRAT (57.43%)
2010,Michigan,DEMOCRAT (57.43%)
2011,Michigan,DEMOCRAT (57.43%)
2012,Michigan,DEMOCRAT (54.21%)
2013,Michigan,DEMOCRAT (54.21%)
2014,Michigan,DEMOCRAT (54.21%)
2015,Michigan,DEMOCRAT (54.21%)
2016,Michigan,REPUBLICAN (47.5%)
2017,Michigan,REPUBLICAN (47.5%)
2018,Michigan,REPUBLICAN (47.5%)
2019,Michigan,REPUBLICAN (47.5%)
2020,Michigan,DEMOCRAT (50.62%)
1976,Minnesota,DEMOCRAT (54.9%)
1977,Minnesota,DEMOCRAT (54.9%)
1978,Minnesota,DEMOCRAT (54.9%)
1979,Minnesota,DEMOCRAT (54.9%)
1980,Minnesota,DEMOCRAT (46.5%)
1981,Minnesota,DEMOCRAT (46.5%)
1982,Minnesota,DEMOCRAT (46.5%)
1983,Minnesota,DEMOCRAT (46.5%)
1984,Minnesota,DEMOCRAT (49.72%)
1985,Minnesota,DEMOCRAT (49.72%)
1986,Minnesota,DEMOCRAT (49.72%)
1987,Minnesota,DEMOCRAT (49.72%)
1988,Minnesota,DEMOCRAT (52.91%)
1989,Minnesota,DEMOCRAT (52.91%)
1990,Minnesota,DEMOCRAT (52.91%)
1991,Minnesota,DEMOCRAT (52.91%)
1992,Minnesota,DEMOCRAT (43.48%)
1993,Minnesota,DEMOCRAT (43.48%)
1994,Minnesota,DEMOCRAT (43.48%)
1995,Minnesota,DEMOCRAT (43.48%)
1996,Minnesota,DEMOCRAT (51.1%)
1997,Minnesota,DEMOCRAT (51.1%)
1998,Minnesota,DEMOCRAT (51.1%)
1999,Minnesota,DEMOCRAT (51.1%)
2000,Minnesota,DEMOCRAT (47.91%)
2001,Minnesota,DEMOCRAT (47.91%)
2002,Minnesota,DEMOCRAT (47.91%)
2003,Minnesota,DEMOCRAT (47.91%)
2004,Minnesota,DEMOCRAT (51.09%)
2005,Minnesota,DEMOCRAT (51.09%)
2006,Minnesota,DEMOCRAT (51.09%)
2007,Minnesota,DEMOCRAT (51.09%)
2008,Minnesota,DEMOCRAT (54.06%)
2009,Minnesota,DEMOCRAT (54.06%)
2010,Minnesota,DEMOCRAT (54.06%)
2011,Minnesota,DEMOCRAT (54.06%)
2012,Minnesota,DEMOCRAT (52.65%)
2013,Minnesota,DEMOCRAT (52.65%)
2014,Minnesota,DEMOCRAT (52.65%)
2015,Minnesota,DEMOCRAT (52.65%)
2016,Minnesota,DEMOCRAT (46.45%)
2017,Minnesota,DEMOCRAT (46.45%)
2018,Minnesota,DEMOCRAT (46.45%)
2019,Minnesota,DEMOCRAT (46.45%)
2020,Minnesota,DEMOCRAT (52.4%)
1976,Mississippi,DEMOCRAT (49.63%)
1977,Mississippi,DEMOCRAT (49.63%)
1978,Mississippi,DEMOCRAT (49.63%)
1979,Mississippi,DEMOCRAT (49.63%)
1980,Mississippi,REPUBLICAN (49.46%)
1981,Mississippi,REPUBLICAN (49.46%)
1982,Mississippi,REPUBLICAN (49.46%)
1983,Mississippi,REPUBLICAN (49.46%)
1984,Mississippi,REPUBLICAN (61.88%)
1985,Mississippi,REPUBLICAN (61.88%)
1986,Mississippi,REPUBLICAN (61.88%)
1987,Mississippi,REPUBLICAN (61.88%)
1988,Mississippi,REPUBLICAN (59.89%)
1989,Mississippi,REPUBLICAN (59.89%)
1990,Mississippi,REPUBLICAN (59.89%)
1991,Mississippi,REPUBLICAN (59.89%)
1992,Mississippi,REPUBLICAN (49.68%)
1993,Mississippi,REPUBLICAN (49.68%)
1994,Mississippi,REPUBLICAN (49.68%)
1995,Mississippi,REPUBLICAN (49.68%)
1996,Mississippi,REPUBLICAN (49.21%)
1997,Mississippi,REPUBLICAN (49.21%)
1998,Mississippi,REPUBLICAN (49.21%)
1999,Mississippi,REPUBLICAN (49.21%)
2000,Mississippi,REPUBLICAN (57.62%)
2001,Mississippi,REPUBLICAN (57.62%)
2002,Mississippi,REPUBLICAN (57.62%)
2003,Mississippi,REPUBLICAN (57.62%)
2004,Mississippi,REPUBLICAN (59.01%)
2005,Mississippi,REPUBLICAN (59.01%)
2006,Mississippi,REPUBLICAN (59.01%)
2007,Mississippi,REPUBLICAN (59.01%)
2008,Mississippi,REPUBLICAN (56.18%)
2009,Mississippi,REPUBLICAN (56.18%)
2010,Mississippi,REPUBLICAN (56.18%)
2011,Mississippi,REPUBLICAN (56.18%)
2012,Mississippi,REPUBLICAN (55.29%)
2013,Mississippi,REPUBLICAN (55.29%)
2014,Mississippi,REPUBLICAN (55.29%)
2015,Mississippi,REPUBLICAN (55.29%)
2016,Mississippi,REPUBLICAN (57.94%)
2017,Mississippi,REPUBLICAN (57.94%)
2018,Mississippi,REPUBLICAN (57.94%)
2019,Mississippi,REPUBLICAN (57.94%)
2020,Mississippi,REPUBLICAN (57.6%)
1976,Missouri,DEMOCRAT (51.1%)
1977,Missouri,DEMOCRAT (51.1%)
1978,Missouri,DEMOCRAT (51.1%)
1979,Missouri,DEMOCRAT (51.1%)
1980,Missouri,REPUBLICAN (51.16%)
1981,Missouri,REPUBLICAN (51.16%)
1982,Missouri,REPUBLICAN (51.16%)
1983,Missouri,REPUBLICAN (51.16%)
1984,Missouri,REPUBLICAN (60.02%)
1985,Missouri,REPUBLICAN (60.02%)
1986,Missouri,REPUBLICAN (60.02%)
1987,Missouri,REPUBLICAN (60.02%)
1988,Missouri,REPUBLICAN (51.83%)
1989,Missouri,REPUBLICAN (51.83%)
1990,Missouri,REPUBLICAN (51.83%)
1991,Missouri,REPUBLICAN (51.83%)
1992,Missouri,DEMOCRAT (44.07%)
1993,Missouri,DEMOCRAT (44.07%)
1994,Missouri,DEMOCRAT (44.07%)
1995,Missouri,DEMOCRAT (44.07%)
1996,Missouri,DEMOCRAT (47.54%)
1997,Missouri,DEMOCRAT (47.54%)
1998,Missouri,DEMOCRAT (47.54%)
1999,Missouri,DEMOCRAT (47.54%)
2000,Missouri,REPUBLICAN (50.42%)
2001,Missouri,REPUBLICAN (50.42%)
2002,Missouri,REPUBLICAN (50.42%)
2003,Missouri,REPUBLICAN (50.42%)
2004,Missouri,REPUBLICAN (53.3%)
2005,Missouri,REPUBLICAN (53.3%)
2006,Missouri,REPUBLICAN (53.3%)
2007,Missouri,REPUBLICAN (53.3%)
2008,Missouri,REPUBLICAN (49.43%)
2009,Missouri,REPUBLICAN (49.43%)
2010,Missouri,REPUBLICAN (49.43%)
2011,Missouri,REPUBLICAN (49.43%)
2012,Missouri,REPUBLICAN (53.76%)
2013,Missouri,REPUBLICAN (53.76%)
2014,Missouri,REPUBLICAN (53.76%)
2015,Missouri,REPUBLICAN (53.76%)
2016,Missouri,REPUBLICAN (56.77%)
2017,Missouri,REPUBLICAN (56.77%)
2018,Missouri,REPUBLICAN (56.77%)
2019,Missouri,REPUBLICAN (56.77%)
2020,Missouri,REPUBLICAN (56.8%)
1976,Montana,REPUBLICAN (52.84%)
1977,Montana,REPUBLICAN (52.84%)
1978,Montana,REPUBLICAN (52.84%)
1979,Montana,REPUBLICAN (52.84%)
1980,Montana,REPUBLICAN (56.82%)
1981,Montana,REPUBLICAN (56.82%)
1982,Montana,REPUBLICAN (56.82%)
1983,Montana,REPUBLICAN (56.82%)
1984,Montana,REPUBLICAN (60.47%)
1985,Montana,REPUBLICAN (60.47%)
1986,Montana,REPUBLICAN (60.47%)
1987,Montana,REPUBLICAN (60.47%)
1988,Montana,REPUBLICAN (52.07%)
1989,Montana,REPUBLICAN (52.07%)
1990,Montana,REPUBLICAN (52.07%)
1991,Montana,REPUBLICAN (52.07%)
1992,Montana,DEMOCRAT (37.63%)
1993,Montana,DEMOCRAT (37.63%)
1994,Montana,DEMOCRAT (37.63%)
1995,Montana,DEMOCRAT (37.63%)
1996,Montana,REPUBLICAN (44.13%)
1997,Montana,REPUBLICAN (44.13%)
1998,Montana,REPUBLICAN (44.13%)
1999,Montana,REPUBLICAN (44.13%)
2000,Montana,REPUBLICAN (58.44%)
2001,Montana,REPUBLICAN (58.44%)
2002,Montana,REPUBLICAN (58.44%)
2003,Montana,REPUBLICAN (58.44%)
2004,Montana,REPUBLICAN (59.07%)
2005,Montana,REPUBLICAN (59.07%)
2006,Montana,REPUBLICAN (59.07%)
2007,Montana,REPUBLICAN (59.07%)
2008,Montana,REPUBLICAN (49.53%)
2009,Montana,REPUBLICAN (49.53%)
2010,Montana,REPUBLICAN (49.53%)
2011,Montana,REPUBLICAN (49.53%)
2012,Montana,REPUBLICAN (55.35%)
2013,Montana,REPUBLICAN (55.35%)
2014,Montana,REPUBLICAN (55.35%)
2015,Montana,REPUBLICAN (55.35%)
2016,Montana,REPUBLICAN (56.47%)
2017,Montana,REPUBLICAN (56.47%)
2018,Montana,REPUBLICAN (56.47%)
2019,Montana,REPUBLICAN (56.47%)
2020,Montana,REPUBLICAN (56.92%)
1976,Nebraska,REPUBLICAN (59.2%)
1977,Nebraska,REPUBLICAN (59.2%)
1978,Nebraska,REPUBLICAN (59.2%)
1979,Nebraska,REPUBLICAN (59.2%)
1980,Nebraska,REPUBLICAN (65.55%)
1981,Nebraska,REPUBLICAN (65.55%)
1982,Nebraska,REPUBLICAN (65.55%)
1983,Nebraska,REPUBLICAN (65.55%)
1984,Nebraska,REPUBLICAN (70.55%)
1985,Nebraska,REPUBLICAN (70.55%)
1986,Nebraska,REPUBLICAN (70.55%)
1987,Nebraska,REPUBLICAN (70.55%)
1988,Nebraska,REPUBLICAN (60.16%)
1989,Nebraska,REPUBLICAN (60.16%)
1990,Nebraska,REPUBLICAN (60.16%)
1991,Nebraska,REPUBLICAN (60.16%)
1992,Nebraska,REPUBLICAN (46.6%)
1993,Nebraska,REPUBLICAN (46.6%)
1994,Nebraska,REPUBLICAN (46.6%)
1995,Nebraska,REPUBLICAN (46.6%)
1996,Nebraska,REPUBLICAN (53.65%)
1997,Nebraska,REPUBLICAN (53.65%)
1998,Nebraska,REPUBLICAN (53.65%)
1999,Nebraska,REPUBLICAN (53.65%)
2000,Nebraska,REPUBLICAN (62.25%)
2001,Nebraska,REPUBLICAN (62.25%)
2002,Nebraska,REPUBLICAN (62.25%)
2003,Nebraska,REPUBLICAN (62.25%)
2004,Nebraska,REPUBLICAN (65.9%)
2005,Nebraska,REPUBLICAN (65.9%)
2006,Nebraska,REPUBLICAN (65.9%)
2007,Nebraska,REPUBLICAN (65.9%)
2008,Nebraska,REPUBLICAN (56.53%)
2009,Nebraska,REPUBLICAN (56.53%)
2010,Nebraska,REPUBLICAN (56.53%)
2011,Nebraska,REPUBLICAN (56.53%)
2012,Nebraska,REPUBLICAN (59.8%)
2013,Nebraska,REPUBLICAN (59.8%)
2014,Nebraska,REPUBLICAN (59.8%)
2015,Nebraska,REPUBLICAN (59.8%)
2016,Nebraska,REPUBLICAN (58.75%)
2017,Nebraska,REPUBLICAN (58.75%)
2018,Nebraska,REPUBLICAN (58.75%)
2019,Nebraska,REPUBLICAN (58.75%)
2020,Nebraska,REPUBLICAN (58.22%)
1976,Nevada,REPUBLICAN (50.17%)
1977,Nevada,REPUBLICAN (50.17%)
1978,Nevada,REPUBLICAN (50.17%)
1979,Nevada,REPUBLICAN (50.17%)
1980,Nevada,REPUBLICAN (63.61%)
1981,Nevada,REPUBLICAN (63.61%)
1982,Nevada,REPUBLICAN (63.61%)
1983,Nevada,REPUBLICAN (63.61%)
1984,Nevada,REPUBLICAN (66.77%)
1985,Nevada,REPUBLICAN (66.77%)
1986,Nevada,REPUBLICAN (66.77%)
1987,Nevada,REPUBLICAN (66.77%)
1988,Nevada,REPUBLICAN (60.05%)
1989,Nevada,REPUBLICAN (60.05%)
1990,Nevada,REPUBLICAN (60.05%)
1991,Nevada,REPUBLICAN (60.05%)
1992,Nevada,DEMOCRAT (37.36%)
1993,Nevada,DEMOCRAT (37.36%)
1994,Nevada,DEMOCRAT (37.36%)
1995,Nevada,DEMOCRAT (37.36%)
1996,Nevada,DEMOCRAT (43.93%)
1997,Nevada,DEMOCRAT (43.93%)
1998,Nevada,DEMOCRAT (43.93%)
1999,Nevada,DEMOCRAT (43.93%)
2000,Nevada,REPUBLICAN (49.49%)
2001,Nevada,REPUBLICAN (49.49%)
2002,Nevada,REPUBLICAN (49.49%)
2003,Nevada,REPUBLICAN (49.49%)
2004,Nevada,REPUBLICAN (50.47%)
2005,Nevada,REPUBLICAN (50.47%)
2006,Nevada,REPUBLICAN (50.47%)
2007,Nevada,REPUBLICAN (50.47%)
2008,Nevada,DEMOCRAT (55.15%)
2009,Nevada,DEMOCRAT (55.15%)
2010,Nevada,DEMOCRAT (55.15%)
2011,Nevada,DEMOCRAT (55.15%)
2012,Nevada,DEMOCRAT (52.36%)
2013,Nevada,DEMOCRAT (52.36%)
2014,Nevada,DEMOCRAT (52.36%)
2015,Nevada,DEMOCRAT (52.36%)
2016,Nevada,DEMOCRAT (47.92%)
2017,Nevada,DEMOCRAT (47.92%)
2018,Nevada,DEMOCRAT (47.92%)
2019,Nevada,DEMOCRAT (47.92%)
2020,Nevada,DEMOCRAT (50.06%)
1976,New Hampshire,REPUBLICAN (54.75%)
1977,New Hampshire,REPUBLICAN (54.75%)
1978,New Hampshire,REPUBLICAN (54.75%)
1979,New Hampshire,REPUBLICAN (54.75%)
1980,New Hampshire,REPUBLICAN (57.74%)
1981,New Hampshire,REPUBLICAN (57.74%)
1982,New Hampshire,REPUBLICAN (57.74%)
1983,New Hampshire,REPUBLICAN (57.74%)
1984,New Hampshire,REPUBLICAN (68.67%)
1985,New Hampshire,REPUBLICAN (68.67%)
1986,New Hampshire,REPUBLICAN (68.67%)
1987,New Hampshire,REPUBLICAN (68.67%)
1988,New Hampshire,REPUBLICAN (62.49%)
1989,New Hampshire,REPUBLICAN (62.49%)
1990,New Hampshire,REPUBLICAN (62.49%)
1991,New Hampshire,REPUBLICAN (62.49%)
1992,New Hampshire,DEMOCRAT (38.91%)
1993,New Hampshire,DEMOCRAT (38.91%)
1994,New Hampshire,DEMOCRAT (38.91%)
1995,New Hampshire,DEMOCRAT (38.91%)
1996,New Hampshire,DEMOCRAT (49.57%)
1997,New Hampshire,DEMOCRAT (49.57%)
1998,New Hampshire,DEMOCRAT (49.57%)
1999,New Hampshire,DEMOCRAT (49.57%)
2000,New Hampshire,REPUBLICAN (48.07%)
2001,New Hampshire,REPUBLICAN (48.07%)
2002,New Hampshire,REPUBLICAN (48.07%)
2003,New Hampshire,REPUBLICAN (48.07%)
2004,New Hampshire,DEMOCRAT (50.2%)
2005,New Hampshire,DEMOCRAT (50.2%)
2006,New Hampshire,DEMOCRAT (50.2%)
2007,New Hampshire,DEMOCRAT (50.2%)
2008,New Hampshire,DEMOCRAT (54.13%)
2009,New Hampshire,DEMOCRAT (54.13%)
2010,New Hampshire,DEMOCRAT (54.13%)
2011,New Hampshire,DEMOCRAT (54.13%)
2012,New Hampshire,DEMOCRAT (51.98%)
2013,New Hampshire,DEMOCRAT (51.98%)
2014,New Hampshire,DEMOCRAT (51.98%)
2015,New Hampshire,DEMOCRAT (51.98%)
2016,New Hampshire,DEMOCRAT (46.83%)
2017,New Hampshire,DEMOCRAT (46.83%)
2018,New Hampshire,DEMOCRAT (46.83%)
2019,New Hampshire,DEMOCRAT (46.83%)
2020,New Hampshire,DEMOCRAT (52.71%)
1976,New Jersey,REPUBLICAN (50.08%)
1977,New Jersey,REPUBLICAN (50.08%)
1978,New Jersey,REPUBLICAN (50.08%)
1979,New Jersey,REPUBLICAN (50.08%)
1980,New Jersey,REPUBLICAN (51.97%)
1981,New Jersey,REPUBLICAN (51.97%)
1982,New Jersey,REPUBLICAN (51.97%)
1983,New Jersey,REPUBLICAN (51.97%)
1984,New Jersey,REPUBLICAN (60.09%)
1985,New Jersey,REPUBLICAN (60.09%)
1986,New Jersey,REPUBLICAN (60.09%)
1987,New Jersey,REPUBLICAN (60.09%)
1988,New Jersey,REPUBLICAN (56.24%)
1989,New Jersey,REPUBLICAN (56.24%)
1990,New Jersey,REPUBLICAN (56.24%)
1991,New Jersey,REPUBLICAN (56.24%)
1992,New Jersey,DEMOCRAT (42.95%)
1993,New Jersey,DEMOCRAT (42.95%)
1994,New Jersey,DEMOCRAT (42.95%)
1995,New Jersey,DEMOCRAT (42.95%)
1996,New Jersey,DEMOCRAT (53.72%)
1997,New Jersey,DEMOCRAT (53.72%)
1998,New Jersey,DEMOCRAT (53.72%)
1999,New Jersey,DEMOCRAT (53.72%)
2000,New Jersey,DEMOCRAT (56.13%)
2001,New Jersey,DEMOCRAT (56.13%)
2002,New Jersey,DEMOCRAT (56.13%)
2003,New Jersey,DEMOCRAT (56.13%)
2004,New Jersey,DEMOCRAT (52.92%)
2005,New Jersey,DEMOCRAT (52.92%)
2006,New Jersey,DEMOCRAT (52.92%)
2007,New Jersey,DEMOCRAT (52.92%)
2008,New Jersey,DEMOCRAT (57.27%)
2009,New Jersey,DEMOCRAT (57.27%)
2010,New Jersey,DEMOCRAT (57.27%)
2011,New Jersey,DEMOCRAT (57.27%)
2012,New Jersey,DEMOCRAT (58.34%)
2013,New Jersey,DEMOCRAT (58.34%)
2014,New Jersey,DEMOCRAT (58.34%)
2015,New Jersey,DEMOCRAT (58.34%)
2016,New Jersey,DEMOCRAT (55.45%)
2017,New Jersey,DEMOCRAT (55.45%)
2018,New Jersey,DEMOCRAT (55.45%)
2019,New Jersey,DEMOCRAT (55.45%)
2020,New Jersey,DEMOCRAT (57.33%)
1976,New Mexico,REPUBLICAN (50.75%)
1977,New Mexico,REPUBLICAN (50.75%)
1978,New Mexico,REPUBLICAN (50.75%)
1979,New Mexico,REPUBLICAN (50.75%)
1980,New Mexico,REPUBLICAN (54.97%)
1981,New Mexico,REPUBLICAN (54.97%)
1982,New Mexico,REPUBLICAN (54.97%)
1983,New Mexico,REPUBLICAN (54.97%)
1984,New Mexico,REPUBLICAN (59.7%)
1985,New Mexico,REPUBLICAN (59.7%)
1986,New Mexico,REPUBLICAN (59.7%)
1987,New Mexico,REPUBLICAN (59.7%)
1988,New Mexico,REPUBLICAN (51.85%)
1989,New Mexico,REPUBLICAN (51.85%)
1990,New Mexico,REPUBLICAN (51.85%)
1991,New Mexico,REPUBLICAN (51.85%)
1992,New Mexico,DEMOCRAT (45.9%)
1993,New Mexico,DEMOCRAT (45.9%)
1994,New Mexico,DEMOCRAT (45.9%)
1995,New Mexico,DEMOCRAT (45.9%)
1996,New Mexico,DEMOCRAT (49.18%)
1997,New Mexico,DEMOCRAT (49.18%)
1998,New Mexico,DEMOCRAT (49.18%)
1999,New Mexico,DEMOCRAT (49.18%)
2000,New Mexico,DEMOCRAT (47.91%)
2001,New Mexico,DEMOCRAT (47.91%)
2002,New Mexico,DEMOCRAT (47.91%)
2003,New Mexico,DEMOCRAT (47.91%)
2004,New Mexico,REPUBLICAN (49.84%)
2005,New Mexico,REPUBLICAN (49.84%)
2006,New Mexico,REPUBLICAN (49.84%)
2007,New Mexico,REPUBLICAN (49.84%)
2008,New Mexico,DEMOCRAT (56.91%)
2009,New Mexico,DEMOCRAT (56.91%)
2010,New Mexico,DEMOCRAT (56.91%)
2011,New Mexico,DEMOCRAT (56.91%)
2012,New Mexico,DEMOCRAT (52.99%)
2013,New Mexico,DEMOCRAT (52.99%)
2014,New Mexico,DEMOCRAT (52.99%)
2015,New Mexico,DEMOCRAT (52.99%)
2016,New Mexico,DEMOCRAT (48.26%)
2017,New Mexico,DEMOCRAT (48.26%)
2018,New Mexico,DEMOCRAT (48.26%)
2019,New Mexico,DEMOCRAT (48.26%)
2020,New Mexico,DEMOCRAT (54.29%)
1976,New York,DEMOCRAT (48.65%)
1977,New York,DEMOCRAT (48.65%)
1978,New York,DEMOCRAT (48.65%)
1979,New York,DEMOCRAT (48.65%)
1980,New York,DEMOCRAT (43.99%)
1981,New York,DEMOCRAT (43.99%)
1982,New York,DEMOCRAT (43.99%)
1983,New York,DEMOCRAT (43.99%)
1984,New York,REPUBLICAN (49.61%)
1985,New York,REPUBLICAN (49.61%)
1986,New York,REPUBLICAN (49.61%)
1987,New York,REPUBLICAN (49.61%)
1988,New York,DEMOCRAT (50.19%)
1989,New York,DEMOCRAT (50.19%)
1990,New York,DEMOCRAT (50.19%)
1991,New York,DEMOCRAT (50.19%)
1992,New York,DEMOCRAT (47.28%)
1993,New York,DEMOCRAT (47.28%)
1994,New York,DEMOCRAT (47.28%)
1995,New York,DEMOCRAT (47.28%)
1996,New York,DEMOCRAT (56.68%)
1997,New York,DEMOCRAT (56.68%)
1998,New York,DEMOCRAT (56.68%)
1999,New York,DEMOCRAT (56.68%)
2000,New York,DEMOCRAT (56.64%)
2001,New York,DEMOCRAT (56.64%)
2002,New York,DEMOCRAT (56.64%)
2003,New York,DEMOCRAT (56.64%)
2004,New York,DEMOCRAT (56.13%)
2005,New York,DEMOCRAT (56.13%)
2006,New York,DEMOCRAT (56.13%)
2007,New York,DEMOCRAT (56.13%)
2008,New York,DEMOCRAT (60.16%)
2009,New York,DEMOCRAT (60.16%)
2010,New York,DEMOCRAT (60.16%)
2011,New York,DEMOCRAT (60.16%)
2012,New York,DEMOCRAT (60.76%)
2013,New York,DEMOCRAT (60.76%)
2014,New York,DEMOCRAT (60.76%)
2015,New York,DEMOCRAT (60.76%)
2016,New York,DEMOCRAT (56.14%)
2017,New York,DEMOCRAT (56.14%)
2018,New York,DEMOCRAT (56.14%)
2019,New York,DEMOCRAT (56.14%)
2020,New York,DEMOCRAT (60.39%)
1976,North Carolina,DEMOCRAT (55.27%)
1977,North Carolina,DEMOCRAT (55.27%)
1978,North Carolina,DEMOCRAT (55.27%)
1979,North Carolina,DEMOCRAT (55.27%)
1980,North Carolina,REPUBLICAN (49.3%)
1981,North Carolina,REPUBLICAN (49.3%)
1982,North Carolina,REPUBLICAN (49.3%)
1983,North Carolina,REPUBLICAN (49.3%)
1984,North Carolina,REPUBLICAN (61.9%)
1985,North Carolina,REPUBLICAN (61.9%)
1986,North Carolina,REPUBLICAN (61.9%)
1987,North Carolina,REPUBLICAN (61.9%)
1988,North Carolina,REPUBLICAN (57.97%)
1989,North Carolina,REPUBLICAN (57.97%)
1990,North Carolina,REPUBLICAN (57.97%)
1991,North Carolina,REPUBLICAN (57.97%)
1992,North Carolina,REPUBLICAN (43.44%)
1993,North Carolina,REPUBLICAN (43.44%)
1994,North Carolina,REPUBLICAN (43.44%)
1995,North Carolina,REPUBLICAN (43.44%)
1996,North Carolina,REPUBLICAN (48.73%)
1997,North Carolina,REPUBLICAN (48.73%)
1998,North Carolina,REPUBLICAN (48.73%)
1999,North Carolina,REPUBLICAN (48.73%)
2000,North Carolina,REPUBLICAN (55.96%)
2001,North Carolina,REPUBLICAN (55.96%)
2002,North Carolina,REPUBLICAN (55.96%)
2003,North Carolina,REPUBLICAN (55.96%)
2004,North Carolina,REPUBLICAN (56.02%)
2005,North Carolina,REPUBLICAN (56.02%)
2006,North Carolina,REPUBLICAN (56.02%)
2007,North Carolina,REPUBLICAN (56.02%)
2008,North Carolina,DEMOCRAT (49.7%)
2009,North Carolina,DEMOCRAT (49.7%)
2010,North Carolina,DEMOCRAT (49.7%)
2011,North Carolina,DEMOCRAT (49.7%)
2012,North Carolina,REPUBLICAN (50.39%)
2013,North Carolina,REPUBLICAN (50.39%)
2014,North Carolina,REPUBLICAN (50.39%)
2015,North Carolina,REPUBLICAN (50.39%)
2016,North Carolina,REPUBLICAN (49.83%)
2017,North Carolina,REPUBLICAN (49.83%)
2018,North Carolina,REPUBLICAN (49.83%)
2019,North Carolina,REPUBLICAN (49.83%)
2020,North Carolina,REPUBLICAN (49.93%)
1976,North Dakota,REPUBLICAN (51.69%)
1977,North Dakota,REPUBLICAN (51.69%)
1978,North Dakota,REPUBLICAN (51.69%)
1979,North Dakota,REPUBLICAN (51.69%)
1980,North Dakota,REPUBLICAN (64.33%)
1981,North Dakota,REPUBLICAN (64.33%)
1982,North Dakota,REPUBLICAN (64.33%)
1983,North Dakota,REPUBLICAN (64.33%)
1984,North Dakota,REPUBLICAN (64.84%)
1985,North Dakota,REPUBLICAN (64.84%)
1986,North Dakota,REPUBLICAN (64.84%)
1987,North Dakota,REPUBLICAN (64.84%)
1988,North Dakota,REPUBLICAN (56.03%)
1989,North Dakota,REPUBLICAN (56.03%)
1990,North Dakota,REPUBLICAN (56.03%)
1991,North Dakota,REPUBLICAN (56.03%)
1992,North Dakota,REPUBLICAN (44.22%)
1993,North Dakota,REPUBLICAN (44.22%)
1994,North Dakota,REPUBLICAN (44.22%)
1995,North Dakota,REPUBLICAN (44.22%)
1996,North Dakota,REPUBLICAN (46.94%)
1997,North Dakota,REPUBLICAN (46.94%)
1998,North Dakota,REPUBLICAN (46.94%)
1999,North Dakota,REPUBLICAN (46.94%)
2000,North Dakota,REPUBLICAN (60.66%)
2001,North Dakota,REPUBLICAN (60.66%)
2002,North Dakota,REPUBLICAN (60.66%)
2003,North Dakota,REPUBLICAN (60.66%)
2004,North Dakota,REPUBLICAN (62.86%)
2005,North Dakota,REPUBLICAN (62.86%)
2006,North Dakota,REPUBLICAN (62.86%)
2007,North Dakota,REPUBLICAN (62.86%)
2008,North Dakota,REPUBLICAN (53.25%)
2009,North Dakota,REPUBLICAN (53.25%)
2010,North Dakota,REPUBLICAN (53.25%)
2011,North Dakota,REPUBLICAN (53.25%)
2012,North Dakota,REPUBLICAN (58.32%)
2013,North Dakota,REPUBLICAN (58.32%)
2014,North Dakota,REPUBLICAN (58.32%)
2015,North Dakota,REPUBLICAN (58.32%)
2016,North Dakota,REPUBLICAN (62.96%)
2017,North Dakota,REPUBLICAN (62.96%)
2018,North Dakota,REPUBLICAN (62.96%)
2019,North Dakota,REPUBLICAN (62.96%)
2020,North Dakota,REPUBLICAN (65.11%)
1976,Ohio,DEMOCRAT (48.9%)
1977,Ohio,DEMOCRAT (48.9%)
1978,Ohio,DEMOCRAT (48.9%)
1979,Ohio,DEMOCRAT (48.9%)
1980,Ohio,REPUBLICAN (51.51%)
1981,Ohio,REPUBLICAN (51.51%)
1982,Ohio,REPUBLICAN (51.51%)
1983,Ohio,REPUBLICAN (51.51%)
1984,Ohio,REPUBLICAN (58.7%)
1985,Ohio,REPUBLICAN (58.7%)
1986,Ohio,REPUBLICAN (58.7%)
1987,Ohio,REPUBLICAN (58.7%)
1988,Ohio,REPUBLICAN (55%)
1989,Ohio,REPUBLICAN (55%)
1990,Ohio,REPUBLICAN (55%)
1991,Ohio,REPUBLICAN (55%)
1992,Ohio,DEMOCRAT (40.18%)
1993,Ohio,DEMOCRAT (40.18%)
1994,Ohio,DEMOCRAT (40.18%)
1995,Ohio,DEMOCRAT (40.18%)
1996,Ohio,DEMOCRAT (47.38%)
1997,Ohio,DEMOCRAT (47.38%)
1998,Ohio,DEMOCRAT (47.38%)
1999,Ohio,DEMOCRAT (47.38%)
2000,Ohio,REPUBLICAN (49.99%)
2001,Ohio,REPUBLICAN (49.99%)
2002,Ohio,REPUBLICAN (49.99%)
2003,Ohio,REPUBLICAN (49.99%)
2004,Ohio,REPUBLICAN (50.81%)
2005,Ohio,REPUBLICAN (50.81%)
2006,Ohio,REPUBLICAN (50.81%)
2007,Ohio,REPUBLICAN (50.81%)
2008,Ohio,DEMOCRAT (51.5%)
2009,Ohio,DEMOCRAT (51.5%)
2010,Ohio,DEMOCRAT (51.5%)
2011,Ohio,DEMOCRAT (51.5%)
2012,Ohio,DEMOCRAT (50.67%)
2013,Ohio,DEMOCRAT (50.67%)
2014,Ohio,DEMOCRAT (50.67%)
2015,Ohio,DEMOCRAT (50.67%)
2016,Ohio,REPUBLICAN (51.69%)
2017,Ohio,REPUBLICAN (51.69%)
2018,Ohio,REPUBLICAN (51.69%)
2019,Ohio,REPUBLICAN (51.69%)
2020,Ohio,REPUBLICAN (53.27%)
1976,Oklahoma,REPUBLICAN (49.96%)
1977,Oklahoma,REPUBLICAN (49.96%)
1978,Oklahoma,REPUBLICAN (49.96%)
1979,Oklahoma,REPUBLICAN (49.96%)
1980,Oklahoma,REPUBLICAN (60.5%)
1981,Oklahoma,REPUBLICAN (60.5%)
1982,Oklahoma,REPUBLICAN (60.5%)
1983,Oklahoma,REPUBLICAN (60.5%)
1984,Oklahoma,REPUBLICAN (68.61%)
1985,Oklahoma,REPUBLICAN (68.61%)
1986,Oklahoma,REPUBLICAN (68.61%)
1987,Oklahoma,REPUBLICAN (68.61%)
1988,Oklahoma,REPUBLICAN (57.93%)
1989,Oklahoma,REPUBLICAN (57.93%)
1990,Oklahoma,REPUBLICAN (57.93%)
1991,Oklahoma,REPUBLICAN (57.93%)
1992,Oklahoma,REPUBLICAN (42.65%)
1993,Oklahoma,REPUBLICAN (42.65%)
1994,Oklahoma,REPUBLICAN (42.65%)
1995,Oklahoma,REPUBLICAN (42.65%)
1996,Oklahoma,REPUBLICAN (48.26%)
1997,Oklahoma,REPUBLICAN (48.26%)
1998,Oklahoma,REPUBLICAN (48.26%)
1999,Oklahoma,REPUBLICAN (48.26%)
2000,Oklahoma,REPUBLICAN (60.31%)
2001,Oklahoma,REPUBLICAN (60.31%)
2002,Oklahoma,REPUBLICAN (60.31%)
2003,Oklahoma,REPUBLICAN (60.31%)
2004,Oklahoma,REPUBLICAN (65.57%)
2005,Oklahoma,REPUBLICAN (65.57%)
2006,Oklahoma,REPUBLICAN (65.57%)
2007,Oklahoma,REPUBLICAN (65.57%)
2008,Oklahoma,REPUBLICAN (65.65%)
2009,Oklahoma,REPUBLICAN (65.65%)
2010,Oklahoma,REPUBLICAN (65.65%)
2011,Oklahoma,REPUBLICAN (65.65%)
2012,Oklahoma,REPUBLICAN (66.77%)
2013,Oklahoma,REPUBLICAN (66.77%)
2014,Oklahoma,REPUBLICAN (66.77%)
2015,Oklahoma,REPUBLICAN (66.77%)
2016,Oklahoma,REPUBLICAN (65.32%)
2017,Oklahoma,REPUBLICAN (65.32%)
2018,Oklahoma,REPUBLICAN (65.32%)
2019,Oklahoma,REPUBLICAN (65.32%)
2020,Oklahoma,REPUBLICAN (65.37%)
1976,Oregon,REPUBLICAN (47.78%)
1977,Oregon,REPUBLICAN (47.78%)
1978,Oregon,REPUBLICAN (47.78%)
1979,Oregon,REPUBLICAN (47.78%)
1980,Oregon,REPUBLICAN (48.33%)
1981,Oregon,REPUBLICAN (48.33%)
1982,Oregon,REPUBLICAN (48.33%)
1983,Oregon,REPUBLICAN (48.33%)
1984,Oregon,REPUBLICAN (55.91%)
1985,Oregon,REPUBLICAN (55.91%)
1986,Oregon,REPUBLICAN (55.91%)
1987,Oregon,REPUBLICAN (55.91%)
1988,Oregon,DEMOCRAT (51.28%)
1989,Oregon,DEMOCRAT (51.28%)
1990,Oregon,DEMOCRAT (51.28%)
1991,Oregon,DEMOCRAT (51.28%)
1992,Oregon,DEMOCRAT (42.48%)
1993,Oregon,DEMOCRAT (42.48%)
1994,Oregon,DEMOCRAT (42.48%)
1995,Oregon,DEMOCRAT (42.48%)
1996,Oregon,DEMOCRAT (47.15%)
1997,Oregon,DEMOCRAT (47.15%)
1998,Oregon,DEMOCRAT (47.15%)
1999,Oregon,DEMOCRAT (47.15%)
2000,Oregon,DEMOCRAT (46.96%)
2001,Oregon,DEMOCRAT (46.96%)
2002,Oregon,DEMOCRAT (46.96%)
2003,Oregon,DEMOCRAT (46.96%)
2004,Oregon,DEMOCRAT (51.35%)
2005,Oregon,DEMOCRAT (51.35%)
2006,Oregon,DEMOCRAT (51.35%)
2007,Oregon,DEMOCRAT (51.35%)
2008,Oregon,DEMOCRAT (56.75%)
2009,Oregon,DEMOCRAT (56.75%)
2010,Oregon,DEMOCRAT (56.75%)
2011,Oregon,DEMOCRAT (56.75%)
2012,Oregon,DEMOCRAT (54.24%)
2013,Oregon,DEMOCRAT (54.24%)
2014,Oregon,DEMOCRAT (54.24%)
2015,Oregon,DEMOCRAT (54.24%)
2016,Oregon,DEMOCRAT (50.07%)
2017,Oregon,DEMOCRAT (50.07%)
2018,Oregon,DEMOCRAT (50.07%)
2019,Oregon,DEMOCRAT (50.07%)
2020,Oregon,DEMOCRAT (56.45%)
1976,Pennsylvania,DEMOCRAT (50.4%)
1977,Pennsylvania,DEMOCRAT (50.4%)
1978,Pennsylvania,DEMOCRAT (50.4%)
1979,Pennsylvania,DEMOCRAT (50.4%)
1980,Pennsylvania,REPUBLICAN (49.59%)
1981,Pennsylvania,REPUBLICAN (49.59%)
1982,Pennsylvania,REPUBLICAN (49.59%)
1983,Pennsylvania,REPUBLICAN (49.59%)
1984,Pennsylvania,REPUBLICAN (53.34%)
1985,Pennsylvania,REPUBLICAN (53.34%)
1986,Pennsylvania,REPUBLICAN (53.34%)
1987,Pennsylvania,REPUBLICAN (53.34%)
1988,Pennsylvania,REPUBLICAN (50.7%)
1989,Pennsylvania,REPUBLICAN (50.7%)
1990,Pennsylvania,REPUBLICAN (50.7%)
1991,Pennsylvania,REPUBLICAN (50.7%)
1992,Pennsylvania,DEMOCRAT (45.15%)
1993,Pennsylvania,DEMOCRAT (45.15%)
1994,Pennsylvania,DEMOCRAT (45.15%)
1995,Pennsylvania,DEMOCRAT (45.15%)
1996,Pennsylvania,DEMOCRAT (49.23%)
1997,Pennsylvania,DEMOCRAT (49.23%)
1998,Pennsylvania,DEMOCRAT (49.23%)
1999,Pennsylvania,DEMOCRAT (49.23%)
2000,Pennsylvania,DEMOCRAT (50.61%)
2001,Pennsylvania,DEMOCRAT (50.61%)
2002,Pennsylvania,DEMOCRAT (50.61%)
2003,Pennsylvania,DEMOCRAT (50.61%)
2004,Pennsylvania,DEMOCRAT (50.92%)
2005,Pennsylvania,DEMOCRAT (50.92%)
2006,Pennsylvania,DEMOCRAT (50.92%)
2007,Pennsylvania,DEMOCRAT (50.92%)
2008,Pennsylvania,DEMOCRAT (54.49%)
2009,Pennsylvania,DEMOCRAT (54.49%)
2010,Pennsylvania,DEMOCRAT (54.49%)
2011,Pennsylvania,DEMOCRAT (54.49%)
2012,Pennsylvania,DEMOCRAT (52.08%)
2013,Pennsylvania,DEMOCRAT (52.08%)
2014,Pennsylvania,DEMOCRAT (52.08%)
2015,Pennsylvania,DEMOCRAT (52.08%)
2016,Pennsylvania,REPUBLICAN (48.58%)
2017,Pennsylvania,REPUBLICAN (48.58%)
2018,Pennsylvania,REPUBLICAN (48.58%)
2019,Pennsylvania,REPUBLICAN (48.58%)
2020,Pennsylvania,DEMOCRAT (50.01%)
1976,Rhode Island,DEMOCRAT (55.44%)
1977,Rhode Island,DEMOCRAT (55.44%)
1978,Rhode Island,DEMOCRAT (55.44%)
1979,Rhode Island,DEMOCRAT (55.44%)
1980,Rhode Island,DEMOCRAT (47.68%)
1981,Rhode Island,DEMOCRAT (47.68%)
1982,Rhode Island,DEMOCRAT (47.68%)
1983,Rhode Island,DEMOCRAT (47.68%)
1984,Rhode Island,REPUBLICAN (51.67%)
1985,Rhode Island,REPUBLICAN (51.67%)
1986,Rhode Island,REPUBLICAN (51.67%)
1987,Rhode Island,REPUBLICAN (51.67%)
1988,Rhode Island,DEMOCRAT (55.64%)
1989,Rhode Island,DEMOCRAT (55.64%)
1990,Rhode Island,DEMOCRAT (55.64%)
1991,Rhode Island,DEMOCRAT (55.64%)
1992,Rhode Island,DEMOCRAT (47.05%)
1993,Rhode Island,DEMOCRAT (47.05%)
1994,Rhode Island,DEMOCRAT (47.05%)
1995,Rhode Island,DEMOCRAT (47.05%)
1996,Rhode Island,DEMOCRAT (59.72%)
1997,Rhode Island,DEMOCRAT (59.72%)
1998,Rhode Island,DEMOCRAT (59.72%)
1999,Rhode Island,DEMOCRAT (59.72%)
2000,Rhode Island,DEMOCRAT (60.99%)
2001,Rhode Island,DEMOCRAT (60.99%)
2002,Rhode Island,DEMOCRAT (60.99%)
2003,Rhode Island,DEMOCRAT (60.99%)
2004,Rhode Island,DEMOCRAT (59.42%)
2005,Rhode Island,DEMOCRAT (59.42%)
2006,Rhode Island,DEMOCRAT (59.42%)
2007,Rhode Island,DEMOCRAT (59.42%)
2008,Rhode Island,DEMOCRAT (62.86%)
2009,Rhode Island,DEMOCRAT (62.86%)
2010,Rhode Island,DEMOCRAT (62.86%)
2011,Rhode Island,DEMOCRAT (62.86%)
2012,Rhode Island,DEMOCRAT (62.7%)
2013,Rhode Island,DEMOCRAT (62.7%)
2014,Rhode Island,DEMOCRAT (62.7%)
2015,Rhode Island,DEMOCRAT (62.7%)
2016,Rhode Island,DEMOCRAT (54.41%)
2017,Rhode Island,DEMOCRAT (54.41%)
2018,Rhode Island,DEMOCRAT (54.41%)
2019,Rhode Island,DEMOCRAT (54.41%)
2020,Rhode Island,DEMOCRAT (59.48%)
1976,South Carolina,DEMOCRAT (56.17%)
1977,South Carolina,DEMOCRAT (56.17%)
1978,South Carolina,DEMOCRAT (56.17%)
1979,South Carolina,DEMOCRAT (56.17%)
1980,South Carolina,REPUBLICAN (49.45%)
1981,South Carolina,REPUBLICAN (49.45%)
1982,South Carolina,REPUBLICAN (49.45%)
1983,South Carolina,REPUBLICAN (49.45%)
1984,South Carolina,REPUBLICAN (63.55%)
1985,South Carolina,REPUBLICAN (63.55%)
1986,South Carolina,REPUBLICAN (63.55%)
1987,South Carolina,REPUBLICAN (63.55%)
1988,South Carolina,REPUBLICAN (61.5%)
1989,South Carolina,REPUBLICAN (61.5%)
1990,South Carolina,REPUBLICAN (61.5%)
1991,South Carolina,REPUBLICAN (61.5%)
1992,South Carolina,REPUBLICAN (46.99%)
1993,South Carolina,REPUBLICAN (46.99%)
1994,South Carolina,REPUBLICAN (46.99%)
1995,South Carolina,REPUBLICAN (46.99%)
1996,South Carolina,REPUBLICAN (49.85%)
1997,South Carolina,REPUBLICAN (49.85%)
1998,South Carolina,REPUBLICAN (49.85%)
1999,South Carolina,REPUBLICAN (49.85%)
2000,South Carolina,REPUBLICAN (56.86%)
2001,South Carolina,REPUBLICAN (56.86%)
2002,South Carolina,REPUBLICAN (56.86%)
2003,South Carolina,REPUBLICAN (56.86%)
2004,South Carolina,REPUBLICAN (57.98%)
2005,South Carolina,REPUBLICAN (57.98%)
2006,South Carolina,REPUBLICAN (57.98%)
2007,South Carolina,REPUBLICAN (57.98%)
2008,South Carolina,REPUBLICAN (53.87%)
2009,South Carolina,REPUBLICAN (53.87%)
2010,South Carolina,REPUBLICAN (53.87%)
2011,South Carolina,REPUBLICAN (53.87%)
2012,South Carolina,REPUBLICAN (54.56%)
2013,South Carolina,REPUBLICAN (54.56%)
2014,South Carolina,REPUBLICAN (54.56%)
2015,South Carolina,REPUBLICAN (54.56%)
2016,South Carolina,REPUBLICAN (54.94%)
2017,South Carolina,REPUBLICAN (54.94%)
2018,South Carolina,REPUBLICAN (54.94%)
2019,South Carolina,REPUBLICAN (54.94%)
2020,South Carolina,REPUBLICAN (55.09%)
1976,South Dakota,REPUBLICAN (50.39%)
1977,South Dakota,REPUBLICAN (50.39%)
1978,South Dakota,REPUBLICAN (50.39%)
1979,South Dakota,REPUBLICAN (50.39%)
1980,South Dakota,REPUBLICAN (60.53%)
1981,South Dakota,REPUBLICAN (60.53%)
1982,South Dakota,REPUBLICAN (60.53%)
1983,South Dakota,REPUBLICAN (60.53%)
1984,South Dakota,REPUBLICAN (63%)
1985,South Dakota,REPUBLICAN (63%)
1986,South Dakota,REPUBLICAN (63%)
1987,South Dakota,REPUBLICAN (63%)
1988,South Dakota,REPUBLICAN (52.85%)
1989,South Dakota,REPUBLICAN (52.85%)
1990,South Dakota,REPUBLICAN (52.85%)
1991,South Dakota,REPUBLICAN (52.85%)
1992,South Dakota,REPUBLICAN (40.66%)
1993,South Dakota,REPUBLICAN (40.66%)
1994,South Dakota,REPUBLICAN (40.66%)
1995,South Dakota,REPUBLICAN (40.66%)
1996,South Dakota,REPUBLICAN (46.49%)
1997,South Dakota,REPUBLICAN (46.49%)
1998,South Dakota,REPUBLICAN (46.49%)
1999,South Dakota,REPUBLICAN (46.49%)
2000,South Dakota,REPUBLICAN (60.3%)
2001,South Dakota,REPUBLICAN (60.3%)
2002,South Dakota,REPUBLICAN (60.3%)
2003,South Dakota,REPUBLICAN (60.3%)
2004,South Dakota,REPUBLICAN (59.91%)
2005,South Dakota,REPUBLICAN (59.91%)
2006,South Dakota,REPUBLICAN (59.91%)
2007,South Dakota,REPUBLICAN (59.91%)
2008,South Dakota,REPUBLICAN (53.16%)
2009,South Dakota,REPUBLICAN (53.16%)
2010,South Dakota,REPUBLICAN (53.16%)
2011,South Dakota,REPUBLICAN (53.16%)
2012,South Dakota,REPUBLICAN (57.89%)
2013,South Dakota,REPUBLICAN (57.89%)
2014,South Dakota,REPUBLICAN (57.89%)
2015,South Dakota,REPUBLICAN (57.89%)
2016,South Dakota,REPUBLICAN (61.53%)
2017,South Dakota,REPUBLICAN (61.53%)
2018,South Dakota,REPUBLICAN (61.53%)
2019,South Dakota,REPUBLICAN (61.53%)
2020,South Dakota,REPUBLICAN (61.77%)
1976,Tennessee,DEMOCRAT (55.94%)
1977,Tennessee,DEMOCRAT (55.94%)
1978,Tennessee,DEMOCRAT (55.94%)
1979,Tennessee,DEMOCRAT (55.94%)
1980,Tennessee,REPUBLICAN (48.7%)
1981,Tennessee,REPUBLICAN (48.7%)
1982,Tennessee,REPUBLICAN (48.7%)
1983,Tennessee,REPUBLICAN (48.7%)
1984,Tennessee,REPUBLICAN (57.84%)
1985,Tennessee,REPUBLICAN (57.84%)
1986,Tennessee,REPUBLICAN (57.84%)
1987,Tennessee,REPUBLICAN (57.84%)
1988,Tennessee,REPUBLICAN (57.89%)
1989,Tennessee,REPUBLICAN (57.89%)
1990,Tennessee,REPUBLICAN (57.89%)
1991,Tennessee,REPUBLICAN (57.89%)
1992,Tennessee,DEMOCRAT (47.08%)
1993,Tennessee,DEMOCRAT (47.08%)
1994,Tennessee,DEMOCRAT (47.08%)
1995,Tennessee,DEMOCRAT (47.08%)
1996,Tennessee,DEMOCRAT (48%)
1997,Tennessee,DEMOCRAT (48%)
1998,Tennessee,DEMOCRAT (48%)
1999,Tennessee,DEMOCRAT (48%)
2000,Tennessee,REPUBLICAN (51.15%)
2001,Tennessee,REPUBLICAN (51.15%)
2002,Tennessee,REPUBLICAN (51.15%)
2003,Tennessee,REPUBLICAN (51.15%)
2004,Tennessee,REPUBLICAN (56.8%)
2005,Tennessee,REPUBLICAN (56.8%)
2006,Tennessee,REPUBLICAN (56.8%)
2007,Tennessee,REPUBLICAN (56.8%)
2008,Tennessee,REPUBLICAN (56.9%)
2009,Tennessee,REPUBLICAN (56.9%)
2010,Tennessee,REPUBLICAN (56.9%)
2011,Tennessee,REPUBLICAN (56.9%)
2012,Tennessee,REPUBLICAN (59.48%)
2013,Tennessee,REPUBLICAN (59.48%)
2014,Tennessee,REPUBLICAN (59.48%)
2015,Tennessee,REPUBLICAN (59.48%)
2016,Tennessee,REPUBLICAN (60.72%)
2017,Tennessee,REPUBLICAN (60.72%)
2018,Tennessee,REPUBLICAN (60.72%)
2019,Tennessee,REPUBLICAN (60.72%)
2020,Tennessee,REPUBLICAN (60.66%)
1976,Texas,DEMOCRAT (51.14%)
1977,Texas,DEMOCRAT (51.14%)
1978,Texas,DEMOCRAT (51.14%)
1979,Texas,DEMOCRAT (51.14%)
1980,Texas,REPUBLICAN (55.28%)
1981,Texas,REPUBLICAN (55.28%)
1982,Texas,REPUBLICAN (55.28%)
1983,Texas,REPUBLICAN (55.28%)
1984,Texas,REPUBLICAN (63.61%)
1985,Texas,REPUBLICAN (63.61%)
1986,Texas,REPUBLICAN (63.61%)
1987,Texas,REPUBLICAN (63.61%)
1988,Texas,REPUBLICAN (55.95%)
1989,Texas,REPUBLICAN (55.95%)
1990,Texas,REPUBLICAN (55.95%)
1991,Texas,REPUBLICAN (55.95%)
1992,Texas,REPUBLICAN (40.56%)
1993,Texas,REPUBLICAN (40.56%)
1994,Texas,REPUBLICAN (40.56%)
1995,Texas,REPUBLICAN (40.56%)
1996,Texas,REPUBLICAN (48.76%)
1997,Texas,REPUBLICAN (48.76%)
1998,Texas,REPUBLICAN (48.76%)
1999,Texas,REPUBLICAN (48.76%)
2000,Texas,REPUBLICAN (59.3%)
2001,Texas,REPUBLICAN (59.3%)
2002,Texas,REPUBLICAN (59.3%)
2003,Texas,REPUBLICAN (59.3%)
2004,Texas,REPUBLICAN (61.09%)
2005,Texas,REPUBLICAN (61.09%)
2006,Texas,REPUBLICAN (61.09%)
2007,Texas,REPUBLICAN (61.09%)
2008,Texas,REPUBLICAN (55.45%)
2009,Texas,REPUBLICAN (55.45%)
2010,Texas,REPUBLICAN (55.45%)
2011,Texas,REPUBLICAN (55.45%)
2012,Texas,REPUBLICAN (57.17%)
2013,Texas,REPUBLICAN (57.17%)
2014,Texas,REPUBLICAN (57.17%)
2015,Texas,REPUBLICAN (57.17%)
2016,Texas,REPUBLICAN (52.23%)
2017,Texas,REPUBLICAN (52.23%)
2018,Texas,REPUBLICAN (52.23%)
2019,Texas,REPUBLICAN (52.23%)
2020,Texas,REPUBLICAN (52.06%)
1976,Utah,REPUBLICAN (62.43%)
1977,Utah,REPUBLICAN (62.43%)
1978,Utah,REPUBLICAN (62.43%)
1979,Utah,REPUBLICAN (62.43%)
1980,Utah,REPUBLICAN (72.78%)
1981,Utah,REPUBLICAN (72.78%)
1982,Utah,REPUBLICAN (72.78%)
1983,Utah,REPUBLICAN (72.78%)
1984,Utah,REPUBLICAN (74.5%)
1985,Utah,REPUBLICAN (74.5%)
1986,Utah,REPUBLICAN (74.5%)
1987,Utah,REPUBLICAN (74.5%)
1988,Utah,REPUBLICAN (66.22%)
1989,Utah,REPUBLICAN (66.22%)
1990,Utah,REPUBLICAN (66.22%)
1991,Utah,REPUBLICAN (66.22%)
1992,Utah,REPUBLICAN (43.36%)
1993,Utah,REPUBLICAN (43.36%)
1994,Utah,REPUBLICAN (43.36%)
1995,Utah,REPUBLICAN (43.36%)
1996,Utah,REPUBLICAN (54.37%)
1997,Utah,REPUBLICAN (54.37%)
1998,Utah,REPUBLICAN (54.37%)
1999,Utah,REPUBLICAN (54.37%)
2000,Utah,REPUBLICAN (66.83%)
2001,Utah,REPUBLICAN (66.83%)
2002,Utah,REPUBLICAN (66.83%)
2003,Utah,REPUBLICAN (66.83%)
2004,Utah,REPUBLICAN (71.54%)
2005,Utah,REPUBLICAN (71.54%)
2006,Utah,REPUBLICAN (71.54%)
2007,Utah,REPUBLICAN (71.54%)
2008,Utah,REPUBLICAN (62.58%)
2009,Utah,REPUBLICAN (62.58%)
2010,Utah,REPUBLICAN (62.58%)
2011,Utah,REPUBLICAN (62.58%)
2012,Utah,REPUBLICAN (72.79%)
2013,Utah,REPUBLICAN (72.79%)
2014,Utah,REPUBLICAN (72.79%)
2015,Utah,REPUBLICAN (72.79%)
2016,Utah,REPUBLICAN (45.54%)
2017,Utah,REPUBLICAN (45.54%)
2018,Utah,REPUBLICAN (45.54%)
2019,Utah,REPUBLICAN (45.54%)
2020,Utah,REPUBLICAN (58.13%)
1976,Vermont,REPUBLICAN (54.59%)
1977,Vermont,REPUBLICAN (54.59%)
1978,Vermont,REPUBLICAN (54.59%)
1979,Vermont,REPUBLICAN (54.59%)
1980,Vermont,REPUBLICAN (44.36%)
1981,Vermont,REPUBLICAN (44.36%)
1982,Vermont,REPUBLICAN (44.36%)
1983,Vermont,REPUBLICAN (44.36%)
1984,Vermont,REPUBLICAN (57.92%)
1985,Vermont,REPUBLICAN (57.92%)
1986,Vermont,REPUBLICAN (57.92%)
1987,Vermont,REPUBLICAN (57.92%)
1988,Vermont,REPUBLICAN (51.1%)
1989,Vermont,REPUBLICAN (51.1%)
1990,Vermont,REPUBLICAN (51.1%)
1991,Vermont,REPUBLICAN (51.1%)
1992,Vermont,DEMOCRAT (46.11%)
1993,Vermont,DEMOCRAT (46.11%)
1994,Vermont,DEMOCRAT (46.11%)
1995,Vermont,DEMOCRAT (46.11%)
1996,Vermont,DEMOCRAT (53.35%)
1997,Vermont,DEMOCRAT (53.35%)
1998,Vermont,DEMOCRAT (53.35%)
1999,Vermont,DEMOCRAT (53.35%)
2000,Vermont,DEMOCRAT (50.63%)
2001,Vermont,DEMOCRAT (50.63%)
2002,Vermont,DEMOCRAT (50.63%)
2003,Vermont,DEMOCRAT (50.63%)
2004,Vermont,DEMOCRAT (58.94%)
2005,Vermont,DEMOCRAT (58.94%)
2006,Vermont,DEMOCRAT (58.94%)
2007,Vermont,DEMOCRAT (58.94%)
2008,Vermont,DEMOCRAT (67.46%)
2009,Vermont,DEMOCRAT (67.46%)
2010,Vermont,DEMOCRAT (67.46%)
2011,Vermont,DEMOCRAT (67.46%)
2012,Vermont,DEMOCRAT (66.57%)
2013,Vermont,DEMOCRAT (66.57%)
2014,Vermont,DEMOCRAT (66.57%)
2015,Vermont,DEMOCRAT (66.57%)
2016,Vermont,DEMOCRAT (55.72%)
2017,Vermont,DEMOCRAT (55.72%)
2018,Vermont,DEMOCRAT (55.72%)
2019,Vermont,DEMOCRAT (55.72%)
2020,Vermont,DEMOCRAT (65.46%)
1976,Virginia,REPUBLICAN (49.29%)
1977,Virginia,REPUBLICAN (49.29%)
1978,Virginia,REPUBLICAN (49.29%)
1979,Virginia,REPUBLICAN (49.29%)
1980,Virginia,REPUBLICAN (53.03%)
1981,Virginia,REPUBLICAN (53.03%)
1982,Virginia,REPUBLICAN (53.03%)
1983,Virginia,REPUBLICAN (53.03%)
1984,Virginia,REPUBLICAN (62.29%)
1985,Virginia,REPUBLICAN (62.29%)
1986,Virginia,REPUBLICAN (62.29%)
1987,Virginia,REPUBLICAN (62.29%)
1988,Virginia,REPUBLICAN (59.74%)
1989,Virginia,REPUBLICAN (59.74%)
1990,Virginia,REPUBLICAN (59.74%)
1991,Virginia,REPUBLICAN (59.74%)
1992,Virginia,REPUBLICAN (44.96%)
1993,Virginia,REPUBLICAN (44.96%)
1994,Virginia,REPUBLICAN (44.96%)
1995,Virginia,REPUBLICAN (44.96%)
1996,Virginia,REPUBLICAN (47.1%)
1997,Virginia,REPUBLICAN (47.1%)
1998,Virginia,REPUBLICAN (47.1%)
1999,Virginia,REPUBLICAN (47.1%)
2000,Virginia,REPUBLICAN (52.47%)
2001,Virginia,REPUBLICAN (52.47%)
2002,Virginia,REPUBLICAN (52.47%)
2003,Virginia,REPUBLICAN (52.47%)
2004,Virginia,REPUBLICAN (53.73%)
2005,Virginia,REPUBLICAN (53.73%)
2006,Virginia,REPUBLICAN (53.73%)
2007,Virginia,REPUBLICAN (53.73%)
2008,Virginia,DEMOCRAT (52.63%)
2009,Virginia,DEMOCRAT (52.63%)
2010,Virginia,DEMOCRAT (52.63%)
2011,Virginia,DEMOCRAT (52.63%)
2012,Virginia,DEMOCRAT (51.16%)
2013,Virginia,DEMOCRAT (51.16%)
2014,Virginia,DEMOCRAT (51.16%)
2015,Virginia,DEMOCRAT (51.16%)
2016,Virginia,DEMOCRAT (49.75%)
2017,Virginia,DEMOCRAT (49.75%)
2018,Virginia,DEMOCRAT (49.75%)
2019,Virginia,DEMOCRAT (49.75%)
2020,Virginia,DEMOCRAT (54.11%)
1976,Washington,REPUBLICAN (50%)
1977,Washington,REPUBLICAN (50%)
1978,Washington,REPUBLICAN (50%)
1979,Washington,REPUBLICAN (50%)
1980,Washington,REPUBLICAN (49.66%)
1981,Washington,REPUBLICAN (49.66%)
1982,Washington,REPUBLICAN (49.66%)
1983,Washington,REPUBLICAN (49.66%)
1984,Washington,REPUBLICAN (56.09%)
1985,Washington,REPUBLICAN (56.09%)
1986,Washington,REPUBLICAN (56.09%)
1987,Washington,REPUBLICAN (56.09%)
1988,Washington,DEMOCRAT (50.05%)
1989,Washington,DEMOCRAT (50.05%)
1990,Washington,DEMOCRAT (50.05%)
1991,Washington,DEMOCRAT (50.05%)
1992,Washington,DEMOCRAT (43.41%)
1993,Washington,DEMOCRAT (43.41%)
1994,Washington,DEMOCRAT (43.41%)
1995,Washington,DEMOCRAT (43.41%)
1996,Washington,DEMOCRAT (49.84%)
1997,Washington,DEMOCRAT (49.84%)
1998,Washington,DEMOCRAT (49.84%)
1999,Washington,DEMOCRAT (49.84%)
2000,Washington,DEMOCRAT (50.16%)
2001,Washington,DEMOCRAT (50.16%)
2002,Washington,DEMOCRAT (50.16%)
2003,Washington,DEMOCRAT (50.16%)
2004,Washington,DEMOCRAT (52.82%)
2005,Washington,DEMOCRAT (52.82%)
2006,Washington,DEMOCRAT (52.82%)
2007,Washington,DEMOCRAT (52.82%)
2008,Washington,DEMOCRAT (57.65%)
2009,Washington,DEMOCRAT (57.65%)
2010,Washington,DEMOCRAT (57.65%)
2011,Washington,DEMOCRAT (57.65%)
2012,Washington,DEMOCRAT (56.16%)
2013,Washington,DEMOCRAT (56.16%)
2014,Washington,DEMOCRAT (56.16%)
2015,Washington,DEMOCRAT (56.16%)
2016,Washington,DEMOCRAT (52.54%)
2017,Washington,DEMOCRAT (52.54%)
2018,Washington,DEMOCRAT (52.54%)
2019,Washington,DEMOCRAT (52.54%)
2020,Washington,DEMOCRAT (57.97%)
1976,West Virginia,DEMOCRAT (58.07%)
1977,West Virginia,DEMOCRAT (58.07%)
1978,West Virginia,DEMOCRAT (58.07%)
1979,West Virginia,DEMOCRAT (58.07%)
1980,West Virginia,DEMOCRAT (49.81%)
1981,West Virginia,DEMOCRAT (49.81%)
1982,West Virginia,DEMOCRAT (49.81%)
1983,West Virginia,DEMOCRAT (49.81%)
1984,West Virginia,REPUBLICAN (55.11%)
1985,West Virginia,REPUBLICAN (55.11%)
1986,West Virginia,REPUBLICAN (55.11%)
1987,West Virginia,REPUBLICAN (55.11%)
1988,West Virginia,DEMOCRAT (52.2%)
1989,West Virginia,DEMOCRAT (52.2%)
1990,West Virginia,DEMOCRAT (52.2%)
1991,West Virginia,DEMOCRAT (52.2%)
1992,West Virginia,DEMOCRAT (48.41%)
1993,West Virginia,DEMOCRAT (48.41%)
1994,West Virginia,DEMOCRAT (48.41%)
1995,West Virginia,DEMOCRAT (48.41%)
1996,West Virginia,DEMOCRAT (51.51%)
1997,West Virginia,DEMOCRAT (51.51%)
1998,West Virginia,DEMOCRAT (51.51%)
1999,West Virginia,DEMOCRAT (51.51%)
2000,West Virginia,REPUBLICAN (51.92%)
2001,West Virginia,REPUBLICAN (51.92%)
2002,West Virginia,REPUBLICAN (51.92%)
2003,West Virginia,REPUBLICAN (51.92%)
2004,West Virginia,REPUBLICAN (56.07%)
2005,West Virginia,REPUBLICAN (56.07%)
2006,West Virginia,REPUBLICAN (56.07%)
2007,West Virginia,REPUBLICAN (56.07%)
2008,West Virginia,REPUBLICAN (55.71%)
2009,West Virginia,REPUBLICAN (55.71%)
2010,West Virginia,REPUBLICAN (55.71%)
2011,West Virginia,REPUBLICAN (55.71%)
2012,West Virginia,REPUBLICAN (62.3%)
2013,West Virginia,REPUBLICAN (62.3%)
2014,West Virginia,REPUBLICAN (62.3%)
2015,West Virginia,REPUBLICAN (62.3%)
2016,West Virginia,REPUBLICAN (68.63%)
2017,West Virginia,REPUBLICAN (68.63%)
2018,West Virginia,REPUBLICAN (68.63%)
2019,West Virginia,REPUBLICAN (68.63%)
2020,West Virginia,REPUBLICAN (68.63%)
1976,Wisconsin,DEMOCRAT (49.5%)
1977,Wisconsin,DEMOCRAT (49.5%)
1978,Wisconsin,DEMOCRAT (49.5%)
1979,Wisconsin,DEMOCRAT (49.5%)
1980,Wisconsin,REPUBLICAN (47.9%)
1981,Wisconsin,REPUBLICAN (47.9%)
1982,Wisconsin,REPUBLICAN (47.9%)
1983,Wisconsin,REPUBLICAN (47.9%)
1984,Wisconsin,REPUBLICAN (54.19%)
1985,Wisconsin,REPUBLICAN (54.19%)
1986,Wisconsin,REPUBLICAN (54.19%)
1987,Wisconsin,REPUBLICAN (54.19%)
1988,Wisconsin,DEMOCRAT (51.41%)
1989,Wisconsin,DEMOCRAT (51.41%)
1990,Wisconsin,DEMOCRAT (51.41%)
1991,Wisconsin,DEMOCRAT (51.41%)
1992,Wisconsin,DEMOCRAT (41.13%)
1993,Wisconsin,DEMOCRAT (41.13%)
1994,Wisconsin,DEMOCRAT (41.13%)
1995,Wisconsin,DEMOCRAT (41.13%)
1996,Wisconsin,DEMOCRAT (48.81%)
1997,Wisconsin,DEMOCRAT (48.81%)
1998,Wisconsin,DEMOCRAT (48.81%)
1999,Wisconsin,DEMOCRAT (48.81%)
2000,Wisconsin,DEMOCRAT (47.83%)
2001,Wisconsin,DEMOCRAT (47.83%)
2002,Wisconsin,DEMOCRAT (47.83%)
2003,Wisconsin,DEMOCRAT (47.83%)
2004,Wisconsin,DEMOCRAT (49.7%)
2005,Wisconsin,DEMOCRAT (49.7%)
2006,Wisconsin,DEMOCRAT (49.7%)
2007,Wisconsin,DEMOCRAT (49.7%)
2008,Wisconsin,DEMOCRAT (56.22%)
2009,Wisconsin,DEMOCRAT (56.22%)
2010,Wisconsin,DEMOCRAT (56.22%)
2011,Wisconsin,DEMOCRAT (56.22%)
2012,Wisconsin,DEMOCRAT (52.78%)
2013,Wisconsin,DEMOCRAT (52.78%)
2014,Wisconsin,DEMOCRAT (52.78%)
2015,Wisconsin,DEMOCRAT (52.78%)
2016,Wisconsin,REPUBLICAN (47.22%)
2017,Wisconsin,REPUBLICAN (47.22%)
2018,Wisconsin,REPUBLICAN (47.22%)
2019,Wisconsin,REPUBLICAN (47.22%)
2020,Wisconsin,DEMOCRAT (49.45%)
1976,Wyoming,REPUBLICAN (59.3%)
1977,Wyoming,REPUBLICAN (59.3%)
1978,Wyoming,REPUBLICAN (59.3%)
1979,Wyoming,REPUBLICAN (59.3%)
1980,Wyoming,REPUBLICAN (62.64%)
1981,Wyoming,REPUBLICAN (62.64%)
1982,Wyoming,REPUBLICAN (62.64%)
1983,Wyoming,REPUBLICAN (62.64%)
1984,Wyoming,REPUBLICAN (70.51%)
1985,Wyoming,REPUBLICAN (70.51%)
1986,Wyoming,REPUBLICAN (70.51%)
1987,Wyoming,REPUBLICAN (70.51%)
1988,Wyoming,REPUBLICAN (60.53%)
1989,Wyoming,REPUBLICAN (60.53%)
1990,Wyoming,REPUBLICAN (60.53%)
1991,Wyoming,REPUBLICAN (60.53%)
1992,Wyoming,REPUBLICAN (39.7%)
1993,Wyoming,REPUBLICAN (39.7%)
1994,Wyoming,REPUBLICAN (39.7%)
1995,Wyoming,REPUBLICAN (39.7%)
1996,Wyoming,REPUBLICAN (49.81%)
1997,Wyoming,REPUBLICAN (49.81%)
1998,Wyoming,REPUBLICAN (49.81%)
1999,Wyoming,REPUBLICAN (49.81%)
2000,Wyoming,REPUBLICAN (69.22%)
2001,Wyoming,REPUBLICAN (69.22%)
2002,Wyoming,REPUBLICAN (69.22%)
2003,Wyoming,REPUBLICAN (69.22%)
2004,Wyoming,REPUBLICAN (68.74%)
2005,Wyoming,REPUBLICAN (68.74%)
2006,Wyoming,REPUBLICAN (68.74%)
2007,Wyoming,REPUBLICAN (68.74%)
2008,Wyoming,REPUBLICAN (64.71%)
2009,Wyoming,REPUBLICAN (64.71%)
2010,Wyoming,REPUBLICAN (64.71%)
2011,Wyoming,REPUBLICAN (64.71%)
2012,Wyoming,REPUBLICAN (68.19%)
2013,Wyoming,REPUBLICAN (68.19%)
2014,Wyoming,REPUBLICAN (68.19%)
2015,Wyoming,REPUBLICAN (68.19%)
2016,Wyoming,REPUBLICAN (67.4%)
2017,Wyoming,REPUBLICAN (67.4%)
2018,Wyoming,REPUBLICAN (67.4%)
2019,Wyoming,REPUBLICAN (67.4%)
2020,Wyoming,REPUBLICAN (69.5%)
